wavelengths,fluxes,convolved_flux,filter_wavelengths,filter_trans
  1.472000E+02,  0.000000E+00,  0.000000E+00,  3.000000E+03,  0.000000E+00
  1.510000E+02,  0.000000E+00,  0.000000E+00,  3.100000E+03,  1.000000E-01
  1.552000E+02,  0.000000E+00,  0.000000E+00,  3.200000E+03,  6.100000E-01
  1.588000E+02,  0.000000E+00,  0.000000E+00,  3.300000E+03,  8.400000E-01
  1.620000E+02,  0.000000E+00,  0.000000E+00,  3.400000E+03,  9.300000E-01
  1.660000E+02,  0.000000E+00,  0.000000E+00,  3.500000E+03,  9.700000E-01
  1.703000E+02,  0.000000E+00,  0.000000E+00,  3.600000E+03,  1.000000E+00
  1.734000E+02,  0.000000E+00,  0.000000E+00,  3.700000E+03,  9.700000E-01
  1.768000E+02,  0.000000E+00,  0.000000E+00,  3.800000E+03,  7.300000E-01
  1.802000E+02,  0.000000E+00,  0.000000E+00,  3.900000E+03,  3.600000E-01
  1.817000E+02,  0.000000E+00,  0.000000E+00,  4.000000E+03,  5.000000E-02
  1.861000E+02,  0.000000E+00,  0.000000E+00,  4.100000E+03,  1.000000E-02
  1.910000E+02,  0.000000E+00,  0.000000E+00,  4.200000E+03,  0.000000E+00
  1.939000E+02,  0.000000E+00,  0.000000E+00,  0.000000E+00,  0.000000E+00
  1.984000E+02,  0.000000E+00,  0.000000E+00,  0.000000E+00,  0.000000E+00
  2.018000E+02,  0.000000E+00,  0.000000E+00,  0.000000E+00,  0.000000E+00
  2.050000E+02,  0.000000E+00,  0.000000E+00,  0.000000E+00,  0.000000E+00
  2.105000E+02,  0.000000E+00,  0.000000E+00,  0.000000E+00,  0.000000E+00
  2.162000E+02,  0.000000E+00,  0.000000E+00,  0.000000E+00,  0.000000E+00
  2.198000E+02,  0.000000E+00,  0.000000E+00,  0.000000E+00,  0.000000E+00
  2.230000E+02,  0.000000E+00,  0.000000E+00,  0.000000E+00,  0.000000E+00
  2.268000E+02,  0.000000E+00,  0.000000E+00,  0.000000E+00,  0.000000E+00
  2.300000E+02,  0.000000E+00,  0.000000E+00,  0.000000E+00,  0.000000E+00
  2.340000E+02,  0.000000E+00,  0.000000E+00,  0.000000E+00,  0.000000E+00
  2.400000E+02,  0.000000E+00,  0.000000E+00,  0.000000E+00,  0.000000E+00
  2.465000E+02,  0.000000E+00,  0.000000E+00,  0.000000E+00,  0.000000E+00
  2.524000E+02,  0.000000E+00,  0.000000E+00,  0.000000E+00,  0.000000E+00
  2.568000E+02,  0.000000E+00,  0.000000E+00,  0.000000E+00,  0.000000E+00
  2.600000E+02,  0.000000E+00,  0.000000E+00,  0.000000E+00,  0.000000E+00
  2.640000E+02,  0.000000E+00,  0.000000E+00,  0.000000E+00,  0.000000E+00
  2.685000E+02,  0.000000E+00,  0.000000E+00,  0.000000E+00,  0.000000E+00
  2.735000E+02,  0.000000E+00,  0.000000E+00,  0.000000E+00,  0.000000E+00
  2.785000E+02,  0.000000E+00,  0.000000E+00,  0.000000E+00,  0.000000E+00
  2.840000E+02,  0.000000E+00,  0.000000E+00,  0.000000E+00,  0.000000E+00
  2.900000E+02,  0.000000E+00,  0.000000E+00,  0.000000E+00,  0.000000E+00
  2.960000E+02,  0.000000E+00,  0.000000E+00,  0.000000E+00,  0.000000E+00
  3.010000E+02,  0.000000E+00,  0.000000E+00,  0.000000E+00,  0.000000E+00
  3.080000E+02,  0.000000E+00,  0.000000E+00,  0.000000E+00,  0.000000E+00
  3.180000E+02,  0.000000E+00,  0.000000E+00,  0.000000E+00,  0.000000E+00
  3.280000E+02,  0.000000E+00,  0.000000E+00,  0.000000E+00,  0.000000E+00
  3.380000E+02,  0.000000E+00,  0.000000E+00,  0.000000E+00,  0.000000E+00
  3.480000E+02,  0.000000E+00,  0.000000E+00,  0.000000E+00,  0.000000E+00
  3.570000E+02,  0.000000E+00,  0.000000E+00,  0.000000E+00,  0.000000E+00
  3.660000E+02,  0.000000E+00,  0.000000E+00,  0.000000E+00,  0.000000E+00
  3.750000E+02,  0.000000E+00,  0.000000E+00,  0.000000E+00,  0.000000E+00
  3.850000E+02,  0.000000E+00,  0.000000E+00,  0.000000E+00,  0.000000E+00
  3.950000E+02,  0.000000E+00,  0.000000E+00,  0.000000E+00,  0.000000E+00
  4.050000E+02,  0.000000E+00,  0.000000E+00,  0.000000E+00,  0.000000E+00
  4.140000E+02,  0.000000E+00,  0.000000E+00,  0.000000E+00,  0.000000E+00
  4.220000E+02,  0.000000E+00,  0.000000E+00,  0.000000E+00,  0.000000E+00
  4.300000E+02,  0.000000E+00,  0.000000E+00,  0.000000E+00,  0.000000E+00
  4.410000E+02,  0.000000E+00,  0.000000E+00,  0.000000E+00,  0.000000E+00
  4.510000E+02,  0.000000E+00,  0.000000E+00,  0.000000E+00,  0.000000E+00
  4.600000E+02,  0.000000E+00,  0.000000E+00,  0.000000E+00,  0.000000E+00
  4.700000E+02,  0.000000E+00,  0.000000E+00,  0.000000E+00,  0.000000E+00
  4.800000E+02,  0.000000E+00,  0.000000E+00,  0.000000E+00,  0.000000E+00
  4.900000E+02,  0.000000E+00,  0.000000E+00,  0.000000E+00,  0.000000E+00
  5.000000E+02,  0.000000E+00,  0.000000E+00,  0.000000E+00,  0.000000E+00
  5.060000E+02,  0.000000E+00,  0.000000E+00,  0.000000E+00,  0.000000E+00
  5.120000E+02,  0.000000E+00,  0.000000E+00,  0.000000E+00,  0.000000E+00
  5.200000E+02,  0.000000E+00,  0.000000E+00,  0.000000E+00,  0.000000E+00
  5.300000E+02,  0.000000E+00,  0.000000E+00,  0.000000E+00,  0.000000E+00
  5.400000E+02,  0.000000E+00,  0.000000E+00,  0.000000E+00,  0.000000E+00
  5.500000E+02,  0.000000E+00,  0.000000E+00,  0.000000E+00,  0.000000E+00
  5.600000E+02,  0.000000E+00,  0.000000E+00,  0.000000E+00,  0.000000E+00
  5.700000E+02,  0.000000E+00,  0.000000E+00,  0.000000E+00,  0.000000E+00
  5.800000E+02,  0.000000E+00,  0.000000E+00,  0.000000E+00,  0.000000E+00
  5.900000E+02,  0.000000E+00,  0.000000E+00,  0.000000E+00,  0.000000E+00
  6.000000E+02,  0.000000E+00,  0.000000E+00,  0.000000E+00,  0.000000E+00
  6.100000E+02,  0.000000E+00,  0.000000E+00,  0.000000E+00,  0.000000E+00
  6.200000E+02,  0.000000E+00,  0.000000E+00,  0.000000E+00,  0.000000E+00
  6.300000E+02,  0.000000E+00,  0.000000E+00,  0.000000E+00,  0.000000E+00
  6.400000E+02,  0.000000E+00,  0.000000E+00,  0.000000E+00,  0.000000E+00
  6.500000E+02,  0.000000E+00,  0.000000E+00,  0.000000E+00,  0.000000E+00
  6.580000E+02,  0.000000E+00,  0.000000E+00,  0.000000E+00,  0.000000E+00
  6.650000E+02,  0.000000E+00,  0.000000E+00,  0.000000E+00,  0.000000E+00
  6.750000E+02,  0.000000E+00,  0.000000E+00,  0.000000E+00,  0.000000E+00
  6.850000E+02,  0.000000E+00,  0.000000E+00,  0.000000E+00,  0.000000E+00
  6.950000E+02,  0.000000E+00,  0.000000E+00,  0.000000E+00,  0.000000E+00
  7.050000E+02,  0.000000E+00,  0.000000E+00,  0.000000E+00,  0.000000E+00
  7.160000E+02,  0.000000E+00,  0.000000E+00,  0.000000E+00,  0.000000E+00
  7.260000E+02,  0.000000E+00,  0.000000E+00,  0.000000E+00,  0.000000E+00
  7.350000E+02,  0.000000E+00,  0.000000E+00,  0.000000E+00,  0.000000E+00
  7.450000E+02,  0.000000E+00,  0.000000E+00,  0.000000E+00,  0.000000E+00
  7.550000E+02,  0.000000E+00,  0.000000E+00,  0.000000E+00,  0.000000E+00
  7.650000E+02,  0.000000E+00,  0.000000E+00,  0.000000E+00,  0.000000E+00
  7.750000E+02,  0.000000E+00,  0.000000E+00,  0.000000E+00,  0.000000E+00
  7.850000E+02,  0.000000E+00,  0.000000E+00,  0.000000E+00,  0.000000E+00
  7.950000E+02,  0.000000E+00,  0.000000E+00,  0.000000E+00,  0.000000E+00
  8.050000E+02,  0.000000E+00,  0.000000E+00,  0.000000E+00,  0.000000E+00
  8.150000E+02,  0.000000E+00,  0.000000E+00,  0.000000E+00,  0.000000E+00
  8.250000E+02,  0.000000E+00,  0.000000E+00,  0.000000E+00,  0.000000E+00
  8.350000E+02,  0.000000E+00,  0.000000E+00,  0.000000E+00,  0.000000E+00
  8.450000E+02,  0.000000E+00,  0.000000E+00,  0.000000E+00,  0.000000E+00
  8.550000E+02,  0.000000E+00,  0.000000E+00,  0.000000E+00,  0.000000E+00
  8.650000E+02,  0.000000E+00,  0.000000E+00,  0.000000E+00,  0.000000E+00
  8.750000E+02,  0.000000E+00,  0.000000E+00,  0.000000E+00,  0.000000E+00
  8.850000E+02,  0.000000E+00,  0.000000E+00,  0.000000E+00,  0.000000E+00
  8.950000E+02,  0.000000E+00,  0.000000E+00,  0.000000E+00,  0.000000E+00
  9.050000E+02,  0.000000E+00,  0.000000E+00,  0.000000E+00,  0.000000E+00
  9.150000E+02,  1.190238E-29,  0.000000E+00,  0.000000E+00,  0.000000E+00
  9.250000E+02,  4.907607E-29,  0.000000E+00,  0.000000E+00,  0.000000E+00
  9.350000E+02,  7.359833E-29,  0.000000E+00,  0.000000E+00,  0.000000E+00
  9.450000E+02,  9.393373E-29,  0.000000E+00,  0.000000E+00,  0.000000E+00
  9.550000E+02,  1.288692E-28,  0.000000E+00,  0.000000E+00,  0.000000E+00
  9.650000E+02,  2.514690E-28,  0.000000E+00,  0.000000E+00,  0.000000E+00
  9.750000E+02,  2.078390E-28,  0.000000E+00,  0.000000E+00,  0.000000E+00
  9.850000E+02,  4.917773E-28,  0.000000E+00,  0.000000E+00,  0.000000E+00
  9.950000E+02,  7.644633E-28,  0.000000E+00,  0.000000E+00,  0.000000E+00
  1.005000E+03,  8.508149E-28,  0.000000E+00,  0.000000E+00,  0.000000E+00
  1.015000E+03,  1.111114E-27,  0.000000E+00,  0.000000E+00,  0.000000E+00
  1.025000E+03,  1.431435E-27,  0.000000E+00,  0.000000E+00,  0.000000E+00
  1.035000E+03,  3.707330E-27,  0.000000E+00,  0.000000E+00,  0.000000E+00
  1.045000E+03,  5.189345E-27,  0.000000E+00,  0.000000E+00,  0.000000E+00
  1.055000E+03,  5.835283E-27,  0.000000E+00,  0.000000E+00,  0.000000E+00
  1.065000E+03,  1.501535E-26,  0.000000E+00,  0.000000E+00,  0.000000E+00
  1.075000E+03,  1.878313E-26,  0.000000E+00,  0.000000E+00,  0.000000E+00
  1.085000E+03,  3.409063E-26,  0.000000E+00,  0.000000E+00,  0.000000E+00
  1.095000E+03,  4.400170E-26,  0.000000E+00,  0.000000E+00,  0.000000E+00
  1.105000E+03,  5.965093E-26,  0.000000E+00,  0.000000E+00,  0.000000E+00
  1.115000E+03,  7.219498E-26,  0.000000E+00,  0.000000E+00,  0.000000E+00
  1.125000E+03,  1.614735E-25,  0.000000E+00,  0.000000E+00,  0.000000E+00
  1.135000E+03,  2.633329E-25,  0.000000E+00,  0.000000E+00,  0.000000E+00
  1.145000E+03,  4.060339E-25,  0.000000E+00,  0.000000E+00,  0.000000E+00
  1.155000E+03,  5.599164E-25,  0.000000E+00,  0.000000E+00,  0.000000E+00
  1.165000E+03,  6.888503E-25,  0.000000E+00,  0.000000E+00,  0.000000E+00
  1.175000E+03,  1.029576E-24,  0.000000E+00,  0.000000E+00,  0.000000E+00
  1.185000E+03,  1.279152E-24,  0.000000E+00,  0.000000E+00,  0.000000E+00
  1.195000E+03,  1.316493E-24,  0.000000E+00,  0.000000E+00,  0.000000E+00
  1.205000E+03,  9.283569E-25,  0.000000E+00,  0.000000E+00,  0.000000E+00
  1.215000E+03,  2.721198E-25,  0.000000E+00,  0.000000E+00,  0.000000E+00
  1.225000E+03,  1.442735E-24,  0.000000E+00,  0.000000E+00,  0.000000E+00
  1.235000E+03,  4.608661E-24,  0.000000E+00,  0.000000E+00,  0.000000E+00
  1.245000E+03,  7.524894E-24,  0.000000E+00,  0.000000E+00,  0.000000E+00
  1.255000E+03,  1.020735E-23,  0.000000E+00,  0.000000E+00,  0.000000E+00
  1.265000E+03,  1.328567E-23,  0.000000E+00,  0.000000E+00,  0.000000E+00
  1.275000E+03,  1.742704E-23,  0.000000E+00,  0.000000E+00,  0.000000E+00
  1.285000E+03,  1.879866E-23,  0.000000E+00,  0.000000E+00,  0.000000E+00
  1.295000E+03,  2.392031E-23,  0.000000E+00,  0.000000E+00,  0.000000E+00
  1.305000E+03,  3.008810E-23,  0.000000E+00,  0.000000E+00,  0.000000E+00
  1.315000E+03,  3.849416E-23,  0.000000E+00,  0.000000E+00,  0.000000E+00
  1.325000E+03,  4.436692E-23,  0.000000E+00,  0.000000E+00,  0.000000E+00
  1.335000E+03,  5.145615E-23,  0.000000E+00,  0.000000E+00,  0.000000E+00
  1.345000E+03,  6.791551E-23,  0.000000E+00,  0.000000E+00,  0.000000E+00
  1.355000E+03,  8.928670E-23,  0.000000E+00,  0.000000E+00,  0.000000E+00
  1.365000E+03,  1.032467E-22,  0.000000E+00,  0.000000E+00,  0.000000E+00
  1.375000E+03,  1.208735E-22,  0.000000E+00,  0.000000E+00,  0.000000E+00
  1.385000E+03,  1.448567E-22,  0.000000E+00,  0.000000E+00,  0.000000E+00
  1.395000E+03,  1.780302E-22,  0.000000E+00,  0.000000E+00,  0.000000E+00
  1.405000E+03,  2.403346E-22,  0.000000E+00,  0.000000E+00,  0.000000E+00
  1.415000E+03,  3.075609E-22,  0.000000E+00,  0.000000E+00,  0.000000E+00
  1.425000E+03,  3.578688E-22,  0.000000E+00,  0.000000E+00,  0.000000E+00
  1.435000E+03,  4.811989E-22,  0.000000E+00,  0.000000E+00,  0.000000E+00
  1.442000E+03,  6.485355E-22,  0.000000E+00,  0.000000E+00,  0.000000E+00
  1.447000E+03,  5.900242E-22,  0.000000E+00,  0.000000E+00,  0.000000E+00
  1.455000E+03,  7.098142E-22,  0.000000E+00,  0.000000E+00,  0.000000E+00
  1.465000E+03,  9.900456E-22,  0.000000E+00,  0.000000E+00,  0.000000E+00
  1.475000E+03,  1.027605E-21,  0.000000E+00,  0.000000E+00,  0.000000E+00
  1.485000E+03,  1.277180E-21,  0.000000E+00,  0.000000E+00,  0.000000E+00
  1.495000E+03,  1.846069E-21,  0.000000E+00,  0.000000E+00,  0.000000E+00
  1.505000E+03,  2.497464E-21,  0.000000E+00,  0.000000E+00,  0.000000E+00
  1.512000E+03,  1.825875E-21,  0.000000E+00,  0.000000E+00,  0.000000E+00
  1.517000E+03,  2.708072E-21,  0.000000E+00,  0.000000E+00,  0.000000E+00
  1.525000E+03,  4.677107E-21,  0.000000E+00,  0.000000E+00,  0.000000E+00
  1.535000E+03,  1.356823E-20,  0.000000E+00,  0.000000E+00,  0.000000E+00
  1.545000E+03,  1.038205E-20,  0.000000E+00,  0.000000E+00,  0.000000E+00
  1.555000E+03,  1.690472E-20,  0.000000E+00,  0.000000E+00,  0.000000E+00
  1.565000E+03,  1.504002E-20,  0.000000E+00,  0.000000E+00,  0.000000E+00
  1.575000E+03,  3.008081E-20,  0.000000E+00,  0.000000E+00,  0.000000E+00
  1.585000E+03,  2.764215E-20,  0.000000E+00,  0.000000E+00,  0.000000E+00
  1.595000E+03,  2.366517E-20,  0.000000E+00,  0.000000E+00,  0.000000E+00
  1.605000E+03,  2.355865E-20,  0.000000E+00,  0.000000E+00,  0.000000E+00
  1.615000E+03,  2.141872E-20,  0.000000E+00,  0.000000E+00,  0.000000E+00
  1.625000E+03,  1.776010E-20,  0.000000E+00,  0.000000E+00,  0.000000E+00
  1.635000E+03,  2.220075E-20,  0.000000E+00,  0.000000E+00,  0.000000E+00
  1.645000E+03,  2.511436E-20,  0.000000E+00,  0.000000E+00,  0.000000E+00
  1.655000E+03,  2.414853E-20,  0.000000E+00,  0.000000E+00,  0.000000E+00
  1.665000E+03,  3.673310E-20,  0.000000E+00,  0.000000E+00,  0.000000E+00
  1.672000E+03,  3.705049E-20,  0.000000E+00,  0.000000E+00,  0.000000E+00
  1.677000E+03,  5.464890E-20,  0.000000E+00,  0.000000E+00,  0.000000E+00
  1.685000E+03,  5.778154E-20,  0.000000E+00,  0.000000E+00,  0.000000E+00
  1.695000E+03,  5.159043E-20,  0.000000E+00,  0.000000E+00,  0.000000E+00
  1.705000E+03,  3.712780E-20,  0.000000E+00,  0.000000E+00,  0.000000E+00
  1.715000E+03,  5.772336E-20,  0.000000E+00,  0.000000E+00,  0.000000E+00
  1.725000E+03,  6.445194E-20,  0.000000E+00,  0.000000E+00,  0.000000E+00
  1.735000E+03,  5.863119E-20,  0.000000E+00,  0.000000E+00,  0.000000E+00
  1.745000E+03,  7.123769E-20,  0.000000E+00,  0.000000E+00,  0.000000E+00
  1.755000E+03,  0.000000E+00,  0.000000E+00,  0.000000E+00,  0.000000E+00
  1.765000E+03,  1.325787E-19,  0.000000E+00,  0.000000E+00,  0.000000E+00
  1.775000E+03,  3.881078E-20,  0.000000E+00,  0.000000E+00,  0.000000E+00
  1.785000E+03,  3.657922E-19,  0.000000E+00,  0.000000E+00,  0.000000E+00
  1.795000E+03,  5.670924E-20,  0.000000E+00,  0.000000E+00,  0.000000E+00
  1.805000E+03,  6.746470E-19,  0.000000E+00,  0.000000E+00,  0.000000E+00
  1.815000E+03,  1.646003E-19,  0.000000E+00,  0.000000E+00,  0.000000E+00
  1.825000E+03,  6.037909E-19,  0.000000E+00,  0.000000E+00,  0.000000E+00
  1.835000E+03,  1.934317E-19,  0.000000E+00,  0.000000E+00,  0.000000E+00
  1.845000E+03,  1.476814E-18,  0.000000E+00,  0.000000E+00,  0.000000E+00
  1.855000E+03,  3.148044E-19,  0.000000E+00,  0.000000E+00,  0.000000E+00
  1.865000E+03,  1.559540E-18,  0.000000E+00,  0.000000E+00,  0.000000E+00
  1.875000E+03,  1.026027E-18,  0.000000E+00,  0.000000E+00,  0.000000E+00
  1.885000E+03,  1.708741E-18,  0.000000E+00,  0.000000E+00,  0.000000E+00
  1.895000E+03,  1.743016E-18,  0.000000E+00,  0.000000E+00,  0.000000E+00
  1.905000E+03,  2.272435E-18,  0.000000E+00,  0.000000E+00,  0.000000E+00
  1.915000E+03,  4.041411E-18,  0.000000E+00,  0.000000E+00,  0.000000E+00
  1.925000E+03,  2.544352E-18,  0.000000E+00,  0.000000E+00,  0.000000E+00
  1.935000E+03,  2.224161E-18,  0.000000E+00,  0.000000E+00,  0.000000E+00
  1.945000E+03,  4.290584E-18,  0.000000E+00,  0.000000E+00,  0.000000E+00
  1.955000E+03,  7.785819E-18,  0.000000E+00,  0.000000E+00,  0.000000E+00
  1.967000E+03,  6.967742E-18,  0.000000E+00,  0.000000E+00,  0.000000E+00
  1.976000E+03,  9.187154E-18,  0.000000E+00,  0.000000E+00,  0.000000E+00
  1.984000E+03,  1.388610E-17,  0.000000E+00,  0.000000E+00,  0.000000E+00
  1.995000E+03,  1.059740E-17,  0.000000E+00,  0.000000E+00,  0.000000E+00
  2.005000E+03,  1.410191E-17,  0.000000E+00,  0.000000E+00,  0.000000E+00
  2.015000E+03,  1.561748E-17,  0.000000E+00,  0.000000E+00,  0.000000E+00
  2.025000E+03,  1.597081E-17,  0.000000E+00,  0.000000E+00,  0.000000E+00
  2.035000E+03,  1.847598E-17,  0.000000E+00,  0.000000E+00,  0.000000E+00
  2.045000E+03,  1.758496E-17,  0.000000E+00,  0.000000E+00,  0.000000E+00
  2.055000E+03,  2.297078E-17,  0.000000E+00,  0.000000E+00,  0.000000E+00
  2.065000E+03,  2.005120E-17,  0.000000E+00,  0.000000E+00,  0.000000E+00
  2.074000E+03,  1.606397E-17,  0.000000E+00,  0.000000E+00,  0.000000E+00
  2.078000E+03,  2.557518E-17,  0.000000E+00,  0.000000E+00,  0.000000E+00
  2.085000E+03,  3.355614E-17,  0.000000E+00,  0.000000E+00,  0.000000E+00
  2.095000E+03,  4.760241E-17,  0.000000E+00,  0.000000E+00,  0.000000E+00
  2.105000E+03,  4.202009E-17,  0.000000E+00,  0.000000E+00,  0.000000E+00
  2.115000E+03,  2.950094E-17,  0.000000E+00,  0.000000E+00,  0.000000E+00
  2.125000E+03,  4.860077E-17,  0.000000E+00,  0.000000E+00,  0.000000E+00
  2.135000E+03,  6.538445E-17,  0.000000E+00,  0.000000E+00,  0.000000E+00
  2.145000E+03,  2.979616E-17,  0.000000E+00,  0.000000E+00,  0.000000E+00
  2.155000E+03,  5.712197E-17,  0.000000E+00,  0.000000E+00,  0.000000E+00
  2.165000E+03,  5.951795E-17,  0.000000E+00,  0.000000E+00,  0.000000E+00
  2.175000E+03,  6.588184E-17,  0.000000E+00,  0.000000E+00,  0.000000E+00
  2.185000E+03,  4.715694E-17,  0.000000E+00,  0.000000E+00,  0.000000E+00
  2.195000E+03,  1.192517E-16,  0.000000E+00,  0.000000E+00,  0.000000E+00
  2.205000E+03,  7.768064E-17,  0.000000E+00,  0.000000E+00,  0.000000E+00
  2.215000E+03,  1.301199E-16,  0.000000E+00,  0.000000E+00,  0.000000E+00
  2.225000E+03,  8.195190E-17,  0.000000E+00,  0.000000E+00,  0.000000E+00
  2.235000E+03,  1.428355E-16,  0.000000E+00,  0.000000E+00,  0.000000E+00
  2.245000E+03,  1.753830E-16,  0.000000E+00,  0.000000E+00,  0.000000E+00
  2.255000E+03,  2.978795E-16,  0.000000E+00,  0.000000E+00,  0.000000E+00
  2.265000E+03,  1.227346E-16,  0.000000E+00,  0.000000E+00,  0.000000E+00
  2.275000E+03,  3.342706E-16,  0.000000E+00,  0.000000E+00,  0.000000E+00
  2.285000E+03,  2.496441E-16,  0.000000E+00,  0.000000E+00,  0.000000E+00
  2.295000E+03,  5.440691E-16,  0.000000E+00,  0.000000E+00,  0.000000E+00
  2.305000E+03,  1.180695E-16,  0.000000E+00,  0.000000E+00,  0.000000E+00
  2.315000E+03,  7.170942E-16,  0.000000E+00,  0.000000E+00,  0.000000E+00
  2.325000E+03,  4.805973E-16,  0.000000E+00,  0.000000E+00,  0.000000E+00
  2.335000E+03,  8.432646E-16,  0.000000E+00,  0.000000E+00,  0.000000E+00
  2.345000E+03,  4.880219E-16,  0.000000E+00,  0.000000E+00,  0.000000E+00
  2.355000E+03,  3.445879E-16,  0.000000E+00,  0.000000E+00,  0.000000E+00
  2.365000E+03,  5.880691E-16,  0.000000E+00,  0.000000E+00,  0.000000E+00
  2.375000E+03,  5.259690E-16,  0.000000E+00,  0.000000E+00,  0.000000E+00
  2.385000E+03,  1.120776E-15,  0.000000E+00,  0.000000E+00,  0.000000E+00
  2.395000E+03,  9.909684E-16,  0.000000E+00,  0.000000E+00,  0.000000E+00
  2.405000E+03,  1.901677E-15,  0.000000E+00,  0.000000E+00,  0.000000E+00
  2.415000E+03,  1.078975E-15,  0.000000E+00,  0.000000E+00,  0.000000E+00
  2.425000E+03,  1.308344E-15,  0.000000E+00,  0.000000E+00,  0.000000E+00
  2.435000E+03,  2.003291E-15,  0.000000E+00,  0.000000E+00,  0.000000E+00
  2.445000E+03,  2.799332E-15,  0.000000E+00,  0.000000E+00,  0.000000E+00
  2.455000E+03,  3.258750E-15,  0.000000E+00,  0.000000E+00,  0.000000E+00
  2.465000E+03,  2.039788E-15,  0.000000E+00,  0.000000E+00,  0.000000E+00
  2.475000E+03,  3.956251E-15,  0.000000E+00,  0.000000E+00,  0.000000E+00
  2.485000E+03,  1.407170E-15,  0.000000E+00,  0.000000E+00,  0.000000E+00
  2.495000E+03,  1.591073E-15,  0.000000E+00,  0.000000E+00,  0.000000E+00
  2.505000E+03,  3.362490E-15,  0.000000E+00,  0.000000E+00,  0.000000E+00
  2.513000E+03,  2.344219E-15,  0.000000E+00,  0.000000E+00,  0.000000E+00
  2.518000E+03,  2.487754E-15,  0.000000E+00,  0.000000E+00,  0.000000E+00
  2.525000E+03,  3.026668E-15,  0.000000E+00,  0.000000E+00,  0.000000E+00
  2.535000E+03,  6.535655E-15,  0.000000E+00,  0.000000E+00,  0.000000E+00
  2.545000E+03,  8.109202E-15,  0.000000E+00,  0.000000E+00,  0.000000E+00
  2.555000E+03,  8.509257E-15,  0.000000E+00,  0.000000E+00,  0.000000E+00
  2.565000E+03,  4.618218E-15,  0.000000E+00,  0.000000E+00,  0.000000E+00
  2.575000E+03,  7.248996E-15,  0.000000E+00,  0.000000E+00,  0.000000E+00
  2.585000E+03,  5.226939E-15,  0.000000E+00,  0.000000E+00,  0.000000E+00
  2.595000E+03,  6.806314E-15,  0.000000E+00,  0.000000E+00,  0.000000E+00
  2.605000E+03,  9.855835E-15,  0.000000E+00,  0.000000E+00,  0.000000E+00
  2.615000E+03,  8.859413E-15,  0.000000E+00,  0.000000E+00,  0.000000E+00
  2.625000E+03,  1.339930E-14,  0.000000E+00,  0.000000E+00,  0.000000E+00
  2.635000E+03,  2.213779E-14,  0.000000E+00,  0.000000E+00,  0.000000E+00
  2.645000E+03,  1.636715E-14,  0.000000E+00,  0.000000E+00,  0.000000E+00
  2.655000E+03,  2.960094E-14,  0.000000E+00,  0.000000E+00,  0.000000E+00
  2.665000E+03,  2.081204E-14,  0.000000E+00,  0.000000E+00,  0.000000E+00
  2.675000E+03,  1.797970E-14,  0.000000E+00,  0.000000E+00,  0.000000E+00
  2.685000E+03,  2.517420E-14,  0.000000E+00,  0.000000E+00,  0.000000E+00
  2.695000E+03,  1.502348E-14,  0.000000E+00,  0.000000E+00,  0.000000E+00
  2.705000E+03,  2.842426E-14,  0.000000E+00,  0.000000E+00,  0.000000E+00
  2.715000E+03,  2.476463E-14,  0.000000E+00,  0.000000E+00,  0.000000E+00
  2.725000E+03,  2.196376E-14,  0.000000E+00,  0.000000E+00,  0.000000E+00
  2.735000E+03,  2.292669E-14,  0.000000E+00,  0.000000E+00,  0.000000E+00
  2.745000E+03,  3.193158E-14,  0.000000E+00,  0.000000E+00,  0.000000E+00
  2.755000E+03,  3.106395E-14,  0.000000E+00,  0.000000E+00,  0.000000E+00
  2.765000E+03,  4.144842E-14,  0.000000E+00,  0.000000E+00,  0.000000E+00
  2.775000E+03,  5.386556E-14,  0.000000E+00,  0.000000E+00,  0.000000E+00
  2.785000E+03,  3.613964E-14,  0.000000E+00,  0.000000E+00,  0.000000E+00
  2.795000E+03,  3.988342E-14,  0.000000E+00,  0.000000E+00,  0.000000E+00
  2.805000E+03,  4.260894E-14,  0.000000E+00,  0.000000E+00,  0.000000E+00
  2.815000E+03,  4.947486E-14,  0.000000E+00,  0.000000E+00,  0.000000E+00
  2.825000E+03,  5.177926E-14,  0.000000E+00,  0.000000E+00,  0.000000E+00
  2.835000E+03,  4.580823E-14,  0.000000E+00,  0.000000E+00,  0.000000E+00
  2.845000E+03,  3.414134E-14,  0.000000E+00,  0.000000E+00,  0.000000E+00
  2.855000E+03,  1.651320E-14,  0.000000E+00,  0.000000E+00,  0.000000E+00
  2.865000E+03,  5.011077E-14,  0.000000E+00,  0.000000E+00,  0.000000E+00
  2.875000E+03,  5.691016E-14,  0.000000E+00,  0.000000E+00,  0.000000E+00
  2.885000E+03,  7.835378E-14,  0.000000E+00,  0.000000E+00,  0.000000E+00
  2.895000E+03,  9.077000E-14,  0.000000E+00,  0.000000E+00,  0.000000E+00
  2.910000E+03,  1.225613E-13,  0.000000E+00,  0.000000E+00,  0.000000E+00
  2.930000E+03,  1.374965E-13,  0.000000E+00,  0.000000E+00,  0.000000E+00
  2.950000E+03,  1.285957E-13,  0.000000E+00,  0.000000E+00,  0.000000E+00
  2.970000E+03,  1.274892E-13,  0.000000E+00,  0.000000E+00,  0.000000E+00
  2.990000E+03,  1.430347E-13,  0.000000E+00,  0.000000E+00,  0.000000E+00
  3.010000E+03,  1.435785E-13,  1.435785E-15,  0.000000E+00,  0.000000E+00
  3.030000E+03,  1.969687E-13,  5.909061E-15,  0.000000E+00,  0.000000E+00
  3.050000E+03,  2.190727E-13,  1.095363E-14,  0.000000E+00,  0.000000E+00
  3.070000E+03,  3.091399E-13,  2.163979E-14,  0.000000E+00,  0.000000E+00
  3.090000E+03,  2.713826E-13,  2.442444E-14,  0.000000E+00,  0.000000E+00
  3.110000E+03,  5.032846E-13,  7.599597E-14,  0.000000E+00,  0.000000E+00
  3.130000E+03,  4.395079E-13,  1.111955E-13,  0.000000E+00,  0.000000E+00
  3.150000E+03,  6.818013E-13,  2.420395E-13,  0.000000E+00,  0.000000E+00
  3.170000E+03,  9.395203E-13,  4.293608E-13,  0.000000E+00,  0.000000E+00
  3.190000E+03,  7.057456E-13,  3.945118E-13,  0.000000E+00,  0.000000E+00
  3.210000E+03,  7.826418E-13,  4.954123E-13,  0.000000E+00,  0.000000E+00
  3.230000E+03,  6.971528E-13,  4.733667E-13,  0.000000E+00,  0.000000E+00
  3.250000E+03,  1.256200E-12,  9.107451E-13,  0.000000E+00,  0.000000E+00
  3.270000E+03,  1.780377E-12,  1.372671E-12,  0.000000E+00,  0.000000E+00
  3.290000E+03,  2.077409E-12,  1.697244E-12,  0.000000E+00,  0.000000E+00
  3.310000E+03,  1.545066E-12,  1.311761E-12,  0.000000E+00,  0.000000E+00
  3.330000E+03,  1.636977E-12,  1.419259E-12,  0.000000E+00,  0.000000E+00
  3.350000E+03,  1.438842E-12,  1.273375E-12,  0.000000E+00,  0.000000E+00
  3.370000E+03,  7.888502E-13,  7.123317E-13,  0.000000E+00,  0.000000E+00
  3.390000E+03,  1.006777E-12,  9.272418E-13,  0.000000E+00,  0.000000E+00
  3.410000E+03,  1.144396E-12,  1.068866E-12,  0.000000E+00,  0.000000E+00
  3.430000E+03,  1.377908E-12,  1.297989E-12,  0.000000E+00,  0.000000E+00
  3.450000E+03,  1.280678E-12,  1.216644E-12,  0.000000E+00,  0.000000E+00
  3.470000E+03,  1.286494E-12,  1.232461E-12,  0.000000E+00,  0.000000E+00
  3.490000E+03,  1.854115E-12,  1.791075E-12,  0.000000E+00,  0.000000E+00
  3.510000E+03,  2.465681E-12,  2.399107E-12,  0.000000E+00,  0.000000E+00
  3.530000E+03,  2.225077E-12,  2.178350E-12,  0.000000E+00,  0.000000E+00
  3.550000E+03,  3.107850E-12,  3.061232E-12,  0.000000E+00,  0.000000E+00
  3.570000E+03,  1.295076E-12,  1.283420E-12,  0.000000E+00,  0.000000E+00
  3.590000E+03,  1.298032E-12,  1.294138E-12,  0.000000E+00,  0.000000E+00
  3.610000E+03,  2.035808E-12,  2.029701E-12,  0.000000E+00,  0.000000E+00
  3.630000E+03,  2.548286E-12,  2.525351E-12,  0.000000E+00,  0.000000E+00
  3.640000E+03,  2.834262E-12,  2.800251E-12,  0.000000E+00,  0.000000E+00
  3.650000E+03,  3.526173E-12,  3.473280E-12,  0.000000E+00,  0.000000E+00
  3.670000E+03,  4.346222E-12,  4.254951E-12,  0.000000E+00,  0.000000E+00
  3.690000E+03,  3.323192E-12,  3.233466E-12,  0.000000E+00,  0.000000E+00
  3.710000E+03,  2.752904E-12,  2.604247E-12,  0.000000E+00,  0.000000E+00
  3.730000E+03,  1.119688E-12,  1.005480E-12,  0.000000E+00,  0.000000E+00
  3.750000E+03,  1.411172E-12,  1.199496E-12,  0.000000E+00,  0.000000E+00
  3.770000E+03,  3.197430E-12,  2.564339E-12,  0.000000E+00,  0.000000E+00
  3.790000E+03,  3.492478E-12,  2.633329E-12,  0.000000E+00,  0.000000E+00
  3.810000E+03,  2.919778E-12,  2.023406E-12,  0.000000E+00,  0.000000E+00
  3.830000E+03,  1.193582E-12,  7.388271E-13,  0.000000E+00,  0.000000E+00
  3.850000E+03,  1.980249E-12,  1.079236E-12,  0.000000E+00,  0.000000E+00
  3.870000E+03,  1.927673E-12,  9.079339E-13,  0.000000E+00,  0.000000E+00
  3.890000E+03,  2.454124E-12,  9.742872E-13,  0.000000E+00,  0.000000E+00
  3.910000E+03,  3.607894E-12,  1.186997E-12,  0.000000E+00,  0.000000E+00
  3.930000E+03,  1.305494E-12,  3.485668E-13,  0.000000E+00,  0.000000E+00
  3.950000E+03,  2.743974E-12,  5.625147E-13,  0.000000E+00,  0.000000E+00
  3.970000E+03,  1.867988E-12,  2.671223E-13,  0.000000E+00,  0.000000E+00
  3.990000E+03,  5.928218E-12,  4.801856E-13,  0.000000E+00,  0.000000E+00
  4.010000E+03,  7.589501E-12,  3.491170E-13,  0.000000E+00,  0.000000E+00
  4.030000E+03,  6.143115E-12,  2.334384E-13,  0.000000E+00,  0.000000E+00
  4.050000E+03,  6.173785E-12,  1.852136E-13,  0.000000E+00,  0.000000E+00
  4.070000E+03,  5.568089E-12,  1.224979E-13,  0.000000E+00,  0.000000E+00
  4.090000E+03,  8.241869E-12,  1.153862E-13,  0.000000E+00,  0.000000E+00
  4.110000E+03,  5.903187E-12,  5.312868E-14,  0.000000E+00,  0.000000E+00
  4.130000E+03,  6.307189E-12,  4.415032E-14,  0.000000E+00,  0.000000E+00
  4.150000E+03,  5.811390E-12,  2.905695E-14,  0.000000E+00,  0.000000E+00
  4.170000E+03,  5.836833E-12,  1.751050E-14,  0.000000E+00,  0.000000E+00
  4.190000E+03,  6.060064E-12,  6.060064E-15,  0.000000E+00,  0.000000E+00
  4.210000E+03,  5.698181E-12,  0.000000E+00,  0.000000E+00,  0.000000E+00
  4.230000E+03,  4.140806E-12,  0.000000E+00,  0.000000E+00,  0.000000E+00
  4.250000E+03,  6.265873E-12,  0.000000E+00,  0.000000E+00,  0.000000E+00
  4.270000E+03,  5.736678E-12,  0.000000E+00,  0.000000E+00,  0.000000E+00
  4.290000E+03,  5.497461E-12,  0.000000E+00,  0.000000E+00,  0.000000E+00
  4.310000E+03,  5.743343E-12,  0.000000E+00,  0.000000E+00,  0.000000E+00
  4.330000E+03,  8.691038E-12,  0.000000E+00,  0.000000E+00,  0.000000E+00
  4.350000E+03,  9.112517E-12,  0.000000E+00,  0.000000E+00,  0.000000E+00
  4.370000E+03,  9.765733E-12,  0.000000E+00,  0.000000E+00,  0.000000E+00
  4.390000E+03,  8.065260E-12,  0.000000E+00,  0.000000E+00,  0.000000E+00
  4.410000E+03,  8.771293E-12,  0.000000E+00,  0.000000E+00,  0.000000E+00
  4.430000E+03,  9.475459E-12,  0.000000E+00,  0.000000E+00,  0.000000E+00
  4.450000E+03,  9.888507E-12,  0.000000E+00,  0.000000E+00,  0.000000E+00
  4.470000E+03,  1.116129E-11,  0.000000E+00,  0.000000E+00,  0.000000E+00
  4.490000E+03,  1.166328E-11,  0.000000E+00,  0.000000E+00,  0.000000E+00
  4.510000E+03,  1.393064E-11,  0.000000E+00,  0.000000E+00,  0.000000E+00
  4.530000E+03,  1.121000E-11,  0.000000E+00,  0.000000E+00,  0.000000E+00
  4.550000E+03,  1.254216E-11,  0.000000E+00,  0.000000E+00,  0.000000E+00
  4.570000E+03,  1.369317E-11,  0.000000E+00,  0.000000E+00,  0.000000E+00
  4.590000E+03,  1.311059E-11,  0.000000E+00,  0.000000E+00,  0.000000E+00
  4.610000E+03,  1.365682E-11,  0.000000E+00,  0.000000E+00,  0.000000E+00
  4.630000E+03,  1.356284E-11,  0.000000E+00,  0.000000E+00,  0.000000E+00
  4.650000E+03,  1.317321E-11,  0.000000E+00,  0.000000E+00,  0.000000E+00
  4.670000E+03,  1.435409E-11,  0.000000E+00,  0.000000E+00,  0.000000E+00
  4.690000E+03,  1.387520E-11,  0.000000E+00,  0.000000E+00,  0.000000E+00
  4.710000E+03,  1.293106E-11,  0.000000E+00,  0.000000E+00,  0.000000E+00
  4.730000E+03,  1.300375E-11,  0.000000E+00,  0.000000E+00,  0.000000E+00
  4.750000E+03,  1.287881E-11,  0.000000E+00,  0.000000E+00,  0.000000E+00
  4.770000E+03,  1.160501E-11,  0.000000E+00,  0.000000E+00,  0.000000E+00
  4.790000E+03,  1.231244E-11,  0.000000E+00,  0.000000E+00,  0.000000E+00
  4.810000E+03,  1.393113E-11,  0.000000E+00,  0.000000E+00,  0.000000E+00
  4.830000E+03,  1.403442E-11,  0.000000E+00,  0.000000E+00,  0.000000E+00
  4.850000E+03,  1.433246E-11,  0.000000E+00,  0.000000E+00,  0.000000E+00
  4.870000E+03,  1.342658E-11,  0.000000E+00,  0.000000E+00,  0.000000E+00
  4.890000E+03,  1.405545E-11,  0.000000E+00,  0.000000E+00,  0.000000E+00
  4.910000E+03,  1.408064E-11,  0.000000E+00,  0.000000E+00,  0.000000E+00
  4.930000E+03,  1.303367E-11,  0.000000E+00,  0.000000E+00,  0.000000E+00
  4.950000E+03,  1.327527E-11,  0.000000E+00,  0.000000E+00,  0.000000E+00
  4.970000E+03,  1.266467E-11,  0.000000E+00,  0.000000E+00,  0.000000E+00
  4.990000E+03,  1.122914E-11,  0.000000E+00,  0.000000E+00,  0.000000E+00
  5.010000E+03,  9.775525E-12,  0.000000E+00,  0.000000E+00,  0.000000E+00
  5.030000E+03,  1.070396E-11,  0.000000E+00,  0.000000E+00,  0.000000E+00
  5.050000E+03,  9.972960E-12,  0.000000E+00,  0.000000E+00,  0.000000E+00
  5.070000E+03,  9.793728E-12,  0.000000E+00,  0.000000E+00,  0.000000E+00
  5.090000E+03,  9.233777E-12,  0.000000E+00,  0.000000E+00,  0.000000E+00
  5.110000E+03,  9.578294E-12,  0.000000E+00,  0.000000E+00,  0.000000E+00
  5.130000E+03,  9.084603E-12,  0.000000E+00,  0.000000E+00,  0.000000E+00
  5.150000E+03,  8.565786E-12,  0.000000E+00,  0.000000E+00,  0.000000E+00
  5.170000E+03,  7.597018E-12,  0.000000E+00,  0.000000E+00,  0.000000E+00
  5.190000E+03,  8.368216E-12,  0.000000E+00,  0.000000E+00,  0.000000E+00
  5.210000E+03,  1.006679E-11,  0.000000E+00,  0.000000E+00,  0.000000E+00
  5.230000E+03,  1.432227E-11,  0.000000E+00,  0.000000E+00,  0.000000E+00
  5.250000E+03,  1.540444E-11,  0.000000E+00,  0.000000E+00,  0.000000E+00
  5.270000E+03,  1.280039E-11,  0.000000E+00,  0.000000E+00,  0.000000E+00
  5.290000E+03,  1.576519E-11,  0.000000E+00,  0.000000E+00,  0.000000E+00
  5.310000E+03,  1.730201E-11,  0.000000E+00,  0.000000E+00,  0.000000E+00
  5.330000E+03,  1.470435E-11,  0.000000E+00,  0.000000E+00,  0.000000E+00
  5.350000E+03,  1.614383E-11,  0.000000E+00,  0.000000E+00,  0.000000E+00
  5.370000E+03,  1.612281E-11,  0.000000E+00,  0.000000E+00,  0.000000E+00
  5.390000E+03,  1.554468E-11,  0.000000E+00,  0.000000E+00,  0.000000E+00
  5.410000E+03,  1.534304E-11,  0.000000E+00,  0.000000E+00,  0.000000E+00
  5.430000E+03,  1.540094E-11,  0.000000E+00,  0.000000E+00,  0.000000E+00
  5.450000E+03,  1.581308E-11,  0.000000E+00,  0.000000E+00,  0.000000E+00
  5.470000E+03,  1.605189E-11,  0.000000E+00,  0.000000E+00,  0.000000E+00
  5.490000E+03,  1.621559E-11,  0.000000E+00,  0.000000E+00,  0.000000E+00
  5.510000E+03,  1.569411E-11,  0.000000E+00,  0.000000E+00,  0.000000E+00
  5.530000E+03,  1.688745E-11,  0.000000E+00,  0.000000E+00,  0.000000E+00
  5.550000E+03,  1.729691E-11,  0.000000E+00,  0.000000E+00,  0.000000E+00
  5.570000E+03,  1.666186E-11,  0.000000E+00,  0.000000E+00,  0.000000E+00
  5.590000E+03,  1.558798E-11,  0.000000E+00,  0.000000E+00,  0.000000E+00
  5.610000E+03,  1.674583E-11,  0.000000E+00,  0.000000E+00,  0.000000E+00
  5.630000E+03,  1.726309E-11,  0.000000E+00,  0.000000E+00,  0.000000E+00
  5.650000E+03,  1.770333E-11,  0.000000E+00,  0.000000E+00,  0.000000E+00
  5.670000E+03,  1.716556E-11,  0.000000E+00,  0.000000E+00,  0.000000E+00
  5.690000E+03,  1.759317E-11,  0.000000E+00,  0.000000E+00,  0.000000E+00
  5.710000E+03,  1.673306E-11,  0.000000E+00,  0.000000E+00,  0.000000E+00
  5.730000E+03,  1.836313E-11,  0.000000E+00,  0.000000E+00,  0.000000E+00
  5.750000E+03,  1.816849E-11,  0.000000E+00,  0.000000E+00,  0.000000E+00
  5.770000E+03,  1.835513E-11,  0.000000E+00,  0.000000E+00,  0.000000E+00
  5.790000E+03,  1.732582E-11,  0.000000E+00,  0.000000E+00,  0.000000E+00
  5.810000E+03,  1.831243E-11,  0.000000E+00,  0.000000E+00,  0.000000E+00
  5.830000E+03,  1.890205E-11,  0.000000E+00,  0.000000E+00,  0.000000E+00
  5.850000E+03,  1.809634E-11,  0.000000E+00,  0.000000E+00,  0.000000E+00
  5.870000E+03,  1.797137E-11,  0.000000E+00,  0.000000E+00,  0.000000E+00
  5.890000E+03,  1.143606E-11,  0.000000E+00,  0.000000E+00,  0.000000E+00
  5.910000E+03,  1.716705E-11,  0.000000E+00,  0.000000E+00,  0.000000E+00
  5.930000E+03,  1.798067E-11,  0.000000E+00,  0.000000E+00,  0.000000E+00
  5.950000E+03,  1.805700E-11,  0.000000E+00,  0.000000E+00,  0.000000E+00
  5.970000E+03,  1.843639E-11,  0.000000E+00,  0.000000E+00,  0.000000E+00
  5.990000E+03,  1.823547E-11,  0.000000E+00,  0.000000E+00,  0.000000E+00
  6.010000E+03,  1.797656E-11,  0.000000E+00,  0.000000E+00,  0.000000E+00
  6.030000E+03,  1.846748E-11,  0.000000E+00,  0.000000E+00,  0.000000E+00
  6.050000E+03,  1.881119E-11,  0.000000E+00,  0.000000E+00,  0.000000E+00
  6.070000E+03,  1.863946E-11,  0.000000E+00,  0.000000E+00,  0.000000E+00
  6.090000E+03,  1.809142E-11,  0.000000E+00,  0.000000E+00,  0.000000E+00
  6.110000E+03,  1.810013E-11,  0.000000E+00,  0.000000E+00,  0.000000E+00
  6.130000E+03,  1.677920E-11,  0.000000E+00,  0.000000E+00,  0.000000E+00
  6.150000E+03,  1.784884E-11,  0.000000E+00,  0.000000E+00,  0.000000E+00
  6.170000E+03,  1.584107E-11,  0.000000E+00,  0.000000E+00,  0.000000E+00
  6.190000E+03,  1.796743E-11,  0.000000E+00,  0.000000E+00,  0.000000E+00
  6.210000E+03,  1.776477E-11,  0.000000E+00,  0.000000E+00,  0.000000E+00
  6.230000E+03,  1.721968E-11,  0.000000E+00,  0.000000E+00,  0.000000E+00
  6.250000E+03,  1.666860E-11,  0.000000E+00,  0.000000E+00,  0.000000E+00
  6.270000E+03,  1.742039E-11,  0.000000E+00,  0.000000E+00,  0.000000E+00
  6.290000E+03,  1.789915E-11,  0.000000E+00,  0.000000E+00,  0.000000E+00
  6.310000E+03,  1.740667E-11,  0.000000E+00,  0.000000E+00,  0.000000E+00
  6.330000E+03,  1.774032E-11,  0.000000E+00,  0.000000E+00,  0.000000E+00
  6.350000E+03,  1.793874E-11,  0.000000E+00,  0.000000E+00,  0.000000E+00
  6.370000E+03,  1.787104E-11,  0.000000E+00,  0.000000E+00,  0.000000E+00
  6.390000E+03,  1.822794E-11,  0.000000E+00,  0.000000E+00,  0.000000E+00
  6.410000E+03,  1.779855E-11,  0.000000E+00,  0.000000E+00,  0.000000E+00
  6.430000E+03,  1.778813E-11,  0.000000E+00,  0.000000E+00,  0.000000E+00
  6.450000E+03,  1.733297E-11,  0.000000E+00,  0.000000E+00,  0.000000E+00
  6.470000E+03,  1.736965E-11,  0.000000E+00,  0.000000E+00,  0.000000E+00
  6.490000E+03,  1.718403E-11,  0.000000E+00,  0.000000E+00,  0.000000E+00
  6.510000E+03,  1.795246E-11,  0.000000E+00,  0.000000E+00,  0.000000E+00
  6.530000E+03,  1.833946E-11,  0.000000E+00,  0.000000E+00,  0.000000E+00
  6.550000E+03,  1.795354E-11,  0.000000E+00,  0.000000E+00,  0.000000E+00
  6.570000E+03,  1.778601E-11,  0.000000E+00,  0.000000E+00,  0.000000E+00
  6.590000E+03,  1.805721E-11,  0.000000E+00,  0.000000E+00,  0.000000E+00
  6.610000E+03,  1.815300E-11,  0.000000E+00,  0.000000E+00,  0.000000E+00
  6.630000E+03,  1.813506E-11,  0.000000E+00,  0.000000E+00,  0.000000E+00
  6.650000E+03,  1.805393E-11,  0.000000E+00,  0.000000E+00,  0.000000E+00
  6.670000E+03,  1.774654E-11,  0.000000E+00,  0.000000E+00,  0.000000E+00
  6.690000E+03,  1.795188E-11,  0.000000E+00,  0.000000E+00,  0.000000E+00
  6.710000E+03,  1.740294E-11,  0.000000E+00,  0.000000E+00,  0.000000E+00
  6.730000E+03,  1.789536E-11,  0.000000E+00,  0.000000E+00,  0.000000E+00
  6.750000E+03,  1.753118E-11,  0.000000E+00,  0.000000E+00,  0.000000E+00
  6.770000E+03,  1.780203E-11,  0.000000E+00,  0.000000E+00,  0.000000E+00
  6.790000E+03,  1.757096E-11,  0.000000E+00,  0.000000E+00,  0.000000E+00
  6.810000E+03,  1.765043E-11,  0.000000E+00,  0.000000E+00,  0.000000E+00
  6.830000E+03,  1.794580E-11,  0.000000E+00,  0.000000E+00,  0.000000E+00
  6.850000E+03,  1.758970E-11,  0.000000E+00,  0.000000E+00,  0.000000E+00
  6.870000E+03,  1.768314E-11,  0.000000E+00,  0.000000E+00,  0.000000E+00
  6.890000E+03,  1.781307E-11,  0.000000E+00,  0.000000E+00,  0.000000E+00
  6.910000E+03,  1.783344E-11,  0.000000E+00,  0.000000E+00,  0.000000E+00
  6.930000E+03,  1.769477E-11,  0.000000E+00,  0.000000E+00,  0.000000E+00
  6.950000E+03,  1.769001E-11,  0.000000E+00,  0.000000E+00,  0.000000E+00
  6.970000E+03,  1.792308E-11,  0.000000E+00,  0.000000E+00,  0.000000E+00
  6.990000E+03,  1.756633E-11,  0.000000E+00,  0.000000E+00,  0.000000E+00
  7.010000E+03,  1.749898E-11,  0.000000E+00,  0.000000E+00,  0.000000E+00
  7.030000E+03,  1.773592E-11,  0.000000E+00,  0.000000E+00,  0.000000E+00
  7.050000E+03,  1.774053E-11,  0.000000E+00,  0.000000E+00,  0.000000E+00
  7.070000E+03,  1.723166E-11,  0.000000E+00,  0.000000E+00,  0.000000E+00
  7.090000E+03,  1.705764E-11,  0.000000E+00,  0.000000E+00,  0.000000E+00
  7.110000E+03,  1.713054E-11,  0.000000E+00,  0.000000E+00,  0.000000E+00
  7.130000E+03,  1.668843E-11,  0.000000E+00,  0.000000E+00,  0.000000E+00
  7.150000E+03,  1.629856E-11,  0.000000E+00,  0.000000E+00,  0.000000E+00
  7.170000E+03,  1.689762E-11,  0.000000E+00,  0.000000E+00,  0.000000E+00
  7.190000E+03,  1.652819E-11,  0.000000E+00,  0.000000E+00,  0.000000E+00
  7.210000E+03,  1.658921E-11,  0.000000E+00,  0.000000E+00,  0.000000E+00
  7.230000E+03,  1.719938E-11,  0.000000E+00,  0.000000E+00,  0.000000E+00
  7.250000E+03,  1.706043E-11,  0.000000E+00,  0.000000E+00,  0.000000E+00
  7.270000E+03,  1.724004E-11,  0.000000E+00,  0.000000E+00,  0.000000E+00
  7.290000E+03,  1.707944E-11,  0.000000E+00,  0.000000E+00,  0.000000E+00
  7.310000E+03,  1.717622E-11,  0.000000E+00,  0.000000E+00,  0.000000E+00
  7.330000E+03,  1.695064E-11,  0.000000E+00,  0.000000E+00,  0.000000E+00
  7.350000E+03,  1.697836E-11,  0.000000E+00,  0.000000E+00,  0.000000E+00
  7.370000E+03,  1.726948E-11,  0.000000E+00,  0.000000E+00,  0.000000E+00
  7.390000E+03,  1.705626E-11,  0.000000E+00,  0.000000E+00,  0.000000E+00
  7.410000E+03,  1.689329E-11,  0.000000E+00,  0.000000E+00,  0.000000E+00
  7.430000E+03,  1.710677E-11,  0.000000E+00,  0.000000E+00,  0.000000E+00
  7.450000E+03,  1.701128E-11,  0.000000E+00,  0.000000E+00,  0.000000E+00
  7.470000E+03,  1.712698E-11,  0.000000E+00,  0.000000E+00,  0.000000E+00
  7.490000E+03,  1.704658E-11,  0.000000E+00,  0.000000E+00,  0.000000E+00
  7.510000E+03,  1.717021E-11,  0.000000E+00,  0.000000E+00,  0.000000E+00
  7.530000E+03,  1.725608E-11,  0.000000E+00,  0.000000E+00,  0.000000E+00
  7.550000E+03,  1.728211E-11,  0.000000E+00,  0.000000E+00,  0.000000E+00
  7.570000E+03,  1.717549E-11,  0.000000E+00,  0.000000E+00,  0.000000E+00
  7.590000E+03,  1.702839E-11,  0.000000E+00,  0.000000E+00,  0.000000E+00
  7.610000E+03,  1.699047E-11,  0.000000E+00,  0.000000E+00,  0.000000E+00
  7.630000E+03,  1.706743E-11,  0.000000E+00,  0.000000E+00,  0.000000E+00
  7.650000E+03,  1.702682E-11,  0.000000E+00,  0.000000E+00,  0.000000E+00
  7.670000E+03,  1.621666E-11,  0.000000E+00,  0.000000E+00,  0.000000E+00
  7.690000E+03,  1.688208E-11,  0.000000E+00,  0.000000E+00,  0.000000E+00
  7.710000E+03,  1.648261E-11,  0.000000E+00,  0.000000E+00,  0.000000E+00
  7.730000E+03,  1.672955E-11,  0.000000E+00,  0.000000E+00,  0.000000E+00
  7.750000E+03,  1.651045E-11,  0.000000E+00,  0.000000E+00,  0.000000E+00
  7.770000E+03,  1.688189E-11,  0.000000E+00,  0.000000E+00,  0.000000E+00
  7.790000E+03,  1.677839E-11,  0.000000E+00,  0.000000E+00,  0.000000E+00
  7.810000E+03,  1.679710E-11,  0.000000E+00,  0.000000E+00,  0.000000E+00
  7.830000E+03,  1.652911E-11,  0.000000E+00,  0.000000E+00,  0.000000E+00
  7.850000E+03,  1.655770E-11,  0.000000E+00,  0.000000E+00,  0.000000E+00
  7.870000E+03,  1.677430E-11,  0.000000E+00,  0.000000E+00,  0.000000E+00
  7.890000E+03,  1.662116E-11,  0.000000E+00,  0.000000E+00,  0.000000E+00
  7.910000E+03,  1.636696E-11,  0.000000E+00,  0.000000E+00,  0.000000E+00
  7.930000E+03,  1.624551E-11,  0.000000E+00,  0.000000E+00,  0.000000E+00
  7.950000E+03,  1.601098E-11,  0.000000E+00,  0.000000E+00,  0.000000E+00
  7.970000E+03,  1.650959E-11,  0.000000E+00,  0.000000E+00,  0.000000E+00
  7.990000E+03,  1.634955E-11,  0.000000E+00,  0.000000E+00,  0.000000E+00
  8.010000E+03,  1.629852E-11,  0.000000E+00,  0.000000E+00,  0.000000E+00
  8.030000E+03,  1.630143E-11,  0.000000E+00,  0.000000E+00,  0.000000E+00
  8.050000E+03,  1.618100E-11,  0.000000E+00,  0.000000E+00,  0.000000E+00
  8.070000E+03,  1.613549E-11,  0.000000E+00,  0.000000E+00,  0.000000E+00
  8.090000E+03,  1.599129E-11,  0.000000E+00,  0.000000E+00,  0.000000E+00
  8.110000E+03,  1.606427E-11,  0.000000E+00,  0.000000E+00,  0.000000E+00
  8.130000E+03,  1.621624E-11,  0.000000E+00,  0.000000E+00,  0.000000E+00
  8.150000E+03,  1.618666E-11,  0.000000E+00,  0.000000E+00,  0.000000E+00
  8.170000E+03,  1.612763E-11,  0.000000E+00,  0.000000E+00,  0.000000E+00
  8.190000E+03,  1.518998E-11,  0.000000E+00,  0.000000E+00,  0.000000E+00
  8.210000E+03,  1.568229E-11,  0.000000E+00,  0.000000E+00,  0.000000E+00
  8.230000E+03,  1.581054E-11,  0.000000E+00,  0.000000E+00,  0.000000E+00
  8.250000E+03,  1.584554E-11,  0.000000E+00,  0.000000E+00,  0.000000E+00
  8.270000E+03,  1.604242E-11,  0.000000E+00,  0.000000E+00,  0.000000E+00
  8.290000E+03,  1.592371E-11,  0.000000E+00,  0.000000E+00,  0.000000E+00
  8.310000E+03,  1.557606E-11,  0.000000E+00,  0.000000E+00,  0.000000E+00
  8.330000E+03,  1.531998E-11,  0.000000E+00,  0.000000E+00,  0.000000E+00
  8.350000E+03,  1.551882E-11,  0.000000E+00,  0.000000E+00,  0.000000E+00
  8.370000E+03,  1.554041E-11,  0.000000E+00,  0.000000E+00,  0.000000E+00
  8.390000E+03,  1.470377E-11,  0.000000E+00,  0.000000E+00,  0.000000E+00
  8.410000E+03,  1.550813E-11,  0.000000E+00,  0.000000E+00,  0.000000E+00
  8.430000E+03,  1.494866E-11,  0.000000E+00,  0.000000E+00,  0.000000E+00
  8.450000E+03,  1.540853E-11,  0.000000E+00,  0.000000E+00,  0.000000E+00
  8.470000E+03,  1.530087E-11,  0.000000E+00,  0.000000E+00,  0.000000E+00
  8.490000E+03,  1.521336E-11,  0.000000E+00,  0.000000E+00,  0.000000E+00
  8.510000E+03,  1.452337E-11,  0.000000E+00,  0.000000E+00,  0.000000E+00
  8.530000E+03,  1.502414E-11,  0.000000E+00,  0.000000E+00,  0.000000E+00
  8.550000E+03,  1.294407E-11,  0.000000E+00,  0.000000E+00,  0.000000E+00
  8.570000E+03,  1.541008E-11,  0.000000E+00,  0.000000E+00,  0.000000E+00
  8.590000E+03,  1.526146E-11,  0.000000E+00,  0.000000E+00,  0.000000E+00
  8.610000E+03,  1.519344E-11,  0.000000E+00,  0.000000E+00,  0.000000E+00
  8.630000E+03,  1.526209E-11,  0.000000E+00,  0.000000E+00,  0.000000E+00
  8.650000E+03,  1.518574E-11,  0.000000E+00,  0.000000E+00,  0.000000E+00
  8.670000E+03,  1.301262E-11,  0.000000E+00,  0.000000E+00,  0.000000E+00
  8.690000E+03,  1.441884E-11,  0.000000E+00,  0.000000E+00,  0.000000E+00
  8.710000E+03,  1.510255E-11,  0.000000E+00,  0.000000E+00,  0.000000E+00
  8.730000E+03,  1.505438E-11,  0.000000E+00,  0.000000E+00,  0.000000E+00
  8.750000E+03,  1.504797E-11,  0.000000E+00,  0.000000E+00,  0.000000E+00
  8.770000E+03,  1.498204E-11,  0.000000E+00,  0.000000E+00,  0.000000E+00
  8.790000E+03,  1.503848E-11,  0.000000E+00,  0.000000E+00,  0.000000E+00
  8.810000E+03,  1.446971E-11,  0.000000E+00,  0.000000E+00,  0.000000E+00
  8.830000E+03,  1.466657E-11,  0.000000E+00,  0.000000E+00,  0.000000E+00
  8.850000E+03,  1.491805E-11,  0.000000E+00,  0.000000E+00,  0.000000E+00
  8.870000E+03,  1.469118E-11,  0.000000E+00,  0.000000E+00,  0.000000E+00
  8.890000E+03,  1.492691E-11,  0.000000E+00,  0.000000E+00,  0.000000E+00
  8.910000E+03,  1.493182E-11,  0.000000E+00,  0.000000E+00,  0.000000E+00
  8.930000E+03,  1.467798E-11,  0.000000E+00,  0.000000E+00,  0.000000E+00
  8.950000E+03,  1.457258E-11,  0.000000E+00,  0.000000E+00,  0.000000E+00
  8.970000E+03,  1.462268E-11,  0.000000E+00,  0.000000E+00,  0.000000E+00
  8.990000E+03,  1.469199E-11,  0.000000E+00,  0.000000E+00,  0.000000E+00
  9.010000E+03,  1.406598E-11,  0.000000E+00,  0.000000E+00,  0.000000E+00
  9.030000E+03,  1.447674E-11,  0.000000E+00,  0.000000E+00,  0.000000E+00
  9.050000E+03,  1.473619E-11,  0.000000E+00,  0.000000E+00,  0.000000E+00
  9.070000E+03,  1.468370E-11,  0.000000E+00,  0.000000E+00,  0.000000E+00
  9.090000E+03,  1.420505E-11,  0.000000E+00,  0.000000E+00,  0.000000E+00
  9.110000E+03,  1.426575E-11,  0.000000E+00,  0.000000E+00,  0.000000E+00
  9.130000E+03,  1.448574E-11,  0.000000E+00,  0.000000E+00,  0.000000E+00
  9.150000E+03,  1.426906E-11,  0.000000E+00,  0.000000E+00,  0.000000E+00
  9.170000E+03,  1.415934E-11,  0.000000E+00,  0.000000E+00,  0.000000E+00
  9.190000E+03,  1.423448E-11,  0.000000E+00,  0.000000E+00,  0.000000E+00
  9.210000E+03,  1.397359E-11,  0.000000E+00,  0.000000E+00,  0.000000E+00
  9.230000E+03,  1.409037E-11,  0.000000E+00,  0.000000E+00,  0.000000E+00
  9.250000E+03,  1.387982E-11,  0.000000E+00,  0.000000E+00,  0.000000E+00
  9.270000E+03,  1.398379E-11,  0.000000E+00,  0.000000E+00,  0.000000E+00
  9.290000E+03,  1.387663E-11,  0.000000E+00,  0.000000E+00,  0.000000E+00
  9.310000E+03,  1.408317E-11,  0.000000E+00,  0.000000E+00,  0.000000E+00
  9.330000E+03,  1.404788E-11,  0.000000E+00,  0.000000E+00,  0.000000E+00
  9.350000E+03,  1.395420E-11,  0.000000E+00,  0.000000E+00,  0.000000E+00
  9.370000E+03,  1.378068E-11,  0.000000E+00,  0.000000E+00,  0.000000E+00
  9.390000E+03,  1.387267E-11,  0.000000E+00,  0.000000E+00,  0.000000E+00
  9.410000E+03,  1.355497E-11,  0.000000E+00,  0.000000E+00,  0.000000E+00
  9.430000E+03,  1.376983E-11,  0.000000E+00,  0.000000E+00,  0.000000E+00
  9.450000E+03,  1.348222E-11,  0.000000E+00,  0.000000E+00,  0.000000E+00
  9.470000E+03,  1.375456E-11,  0.000000E+00,  0.000000E+00,  0.000000E+00
  9.490000E+03,  1.376201E-11,  0.000000E+00,  0.000000E+00,  0.000000E+00
  9.510000E+03,  1.373187E-11,  0.000000E+00,  0.000000E+00,  0.000000E+00
  9.530000E+03,  1.363422E-11,  0.000000E+00,  0.000000E+00,  0.000000E+00
  9.550000E+03,  1.344332E-11,  0.000000E+00,  0.000000E+00,  0.000000E+00
  9.570000E+03,  1.348065E-11,  0.000000E+00,  0.000000E+00,  0.000000E+00
  9.590000E+03,  1.366122E-11,  0.000000E+00,  0.000000E+00,  0.000000E+00
  9.610000E+03,  1.344933E-11,  0.000000E+00,  0.000000E+00,  0.000000E+00
  9.630000E+03,  1.350760E-11,  0.000000E+00,  0.000000E+00,  0.000000E+00
  9.650000E+03,  1.304255E-11,  0.000000E+00,  0.000000E+00,  0.000000E+00
  9.670000E+03,  1.307629E-11,  0.000000E+00,  0.000000E+00,  0.000000E+00
  9.690000E+03,  1.335635E-11,  0.000000E+00,  0.000000E+00,  0.000000E+00
  9.710000E+03,  1.321549E-11,  0.000000E+00,  0.000000E+00,  0.000000E+00
  9.730000E+03,  1.308086E-11,  0.000000E+00,  0.000000E+00,  0.000000E+00
  9.750000E+03,  1.310593E-11,  0.000000E+00,  0.000000E+00,  0.000000E+00
  9.770000E+03,  1.318038E-11,  0.000000E+00,  0.000000E+00,  0.000000E+00
  9.790000E+03,  1.285978E-11,  0.000000E+00,  0.000000E+00,  0.000000E+00
  9.810000E+03,  1.328757E-11,  0.000000E+00,  0.000000E+00,  0.000000E+00
  9.830000E+03,  1.311926E-11,  0.000000E+00,  0.000000E+00,  0.000000E+00
  9.850000E+03,  1.327172E-11,  0.000000E+00,  0.000000E+00,  0.000000E+00
  9.870000E+03,  1.318592E-11,  0.000000E+00,  0.000000E+00,  0.000000E+00
  9.890000E+03,  1.317540E-11,  0.000000E+00,  0.000000E+00,  0.000000E+00
  9.910000E+03,  1.312018E-11,  0.000000E+00,  0.000000E+00,  0.000000E+00
  9.930000E+03,  1.312881E-11,  0.000000E+00,  0.000000E+00,  0.000000E+00
  9.950000E+03,  1.308671E-11,  0.000000E+00,  0.000000E+00,  0.000000E+00
  9.970000E+03,  1.309064E-11,  0.000000E+00,  0.000000E+00,  0.000000E+00
  9.990000E+03,  1.307093E-11,  0.000000E+00,  0.000000E+00,  0.000000E+00
  1.002500E+04,  1.294929E-11,  0.000000E+00,  0.000000E+00,  0.000000E+00
  1.007500E+04,  1.284029E-11,  0.000000E+00,  0.000000E+00,  0.000000E+00
  1.012500E+04,  1.283028E-11,  0.000000E+00,  0.000000E+00,  0.000000E+00
  1.017500E+04,  1.269060E-11,  0.000000E+00,  0.000000E+00,  0.000000E+00
  1.022500E+04,  1.263981E-11,  0.000000E+00,  0.000000E+00,  0.000000E+00
  1.027500E+04,  1.264138E-11,  0.000000E+00,  0.000000E+00,  0.000000E+00
  1.032500E+04,  1.241631E-11,  0.000000E+00,  0.000000E+00,  0.000000E+00
  1.037500E+04,  1.235734E-11,  0.000000E+00,  0.000000E+00,  0.000000E+00
  1.042500E+04,  1.239657E-11,  0.000000E+00,  0.000000E+00,  0.000000E+00
  1.047500E+04,  1.224578E-11,  0.000000E+00,  0.000000E+00,  0.000000E+00
  1.052500E+04,  1.225670E-11,  0.000000E+00,  0.000000E+00,  0.000000E+00
  1.057500E+04,  1.208803E-11,  0.000000E+00,  0.000000E+00,  0.000000E+00
  1.062500E+04,  1.205093E-11,  0.000000E+00,  0.000000E+00,  0.000000E+00
  1.067500E+04,  1.186487E-11,  0.000000E+00,  0.000000E+00,  0.000000E+00
  1.072500E+04,  1.184807E-11,  0.000000E+00,  0.000000E+00,  0.000000E+00
  1.077500E+04,  1.173974E-11,  0.000000E+00,  0.000000E+00,  0.000000E+00
  1.082500E+04,  1.148653E-11,  0.000000E+00,  0.000000E+00,  0.000000E+00
  1.087500E+04,  1.154357E-11,  0.000000E+00,  0.000000E+00,  0.000000E+00
  1.092500E+04,  1.152849E-11,  0.000000E+00,  0.000000E+00,  0.000000E+00
  1.097500E+04,  1.119079E-11,  0.000000E+00,  0.000000E+00,  0.000000E+00
  1.102500E+04,  1.116078E-11,  0.000000E+00,  0.000000E+00,  0.000000E+00
  1.107500E+04,  1.119355E-11,  0.000000E+00,  0.000000E+00,  0.000000E+00
  1.112500E+04,  1.111261E-11,  0.000000E+00,  0.000000E+00,  0.000000E+00
  1.117500E+04,  1.106934E-11,  0.000000E+00,  0.000000E+00,  0.000000E+00
  1.122500E+04,  1.106413E-11,  0.000000E+00,  0.000000E+00,  0.000000E+00
  1.127500E+04,  1.084219E-11,  0.000000E+00,  0.000000E+00,  0.000000E+00
  1.132500E+04,  1.090646E-11,  0.000000E+00,  0.000000E+00,  0.000000E+00
  1.137500E+04,  1.072096E-11,  0.000000E+00,  0.000000E+00,  0.000000E+00
  1.142500E+04,  1.063240E-11,  0.000000E+00,  0.000000E+00,  0.000000E+00
  1.147500E+04,  1.078914E-11,  0.000000E+00,  0.000000E+00,  0.000000E+00
  1.152500E+04,  1.078972E-11,  0.000000E+00,  0.000000E+00,  0.000000E+00
  1.157500E+04,  1.065006E-11,  0.000000E+00,  0.000000E+00,  0.000000E+00
  1.162500E+04,  1.045287E-11,  0.000000E+00,  0.000000E+00,  0.000000E+00
  1.167500E+04,  1.049432E-11,  0.000000E+00,  0.000000E+00,  0.000000E+00
  1.172500E+04,  1.059475E-11,  0.000000E+00,  0.000000E+00,  0.000000E+00
  1.177500E+04,  1.036598E-11,  0.000000E+00,  0.000000E+00,  0.000000E+00
  1.182500E+04,  1.023946E-11,  0.000000E+00,  0.000000E+00,  0.000000E+00
  1.187500E+04,  1.016628E-11,  0.000000E+00,  0.000000E+00,  0.000000E+00
  1.192500E+04,  1.037674E-11,  0.000000E+00,  0.000000E+00,  0.000000E+00
  1.197500E+04,  9.907711E-12,  0.000000E+00,  0.000000E+00,  0.000000E+00
  1.202500E+04,  1.014952E-11,  0.000000E+00,  0.000000E+00,  0.000000E+00
  1.207500E+04,  1.001828E-11,  0.000000E+00,  0.000000E+00,  0.000000E+00
  1.212500E+04,  1.010586E-11,  0.000000E+00,  0.000000E+00,  0.000000E+00
  1.217500E+04,  1.011098E-11,  0.000000E+00,  0.000000E+00,  0.000000E+00
  1.222500E+04,  1.005493E-11,  0.000000E+00,  0.000000E+00,  0.000000E+00
  1.227500E+04,  9.969042E-12,  0.000000E+00,  0.000000E+00,  0.000000E+00
  1.232500E+04,  9.924924E-12,  0.000000E+00,  0.000000E+00,  0.000000E+00
  1.237500E+04,  9.891211E-12,  0.000000E+00,  0.000000E+00,  0.000000E+00
  1.242500E+04,  9.788229E-12,  0.000000E+00,  0.000000E+00,  0.000000E+00
  1.247500E+04,  9.805973E-12,  0.000000E+00,  0.000000E+00,  0.000000E+00
  1.252500E+04,  9.698531E-12,  0.000000E+00,  0.000000E+00,  0.000000E+00
  1.257500E+04,  9.701982E-12,  0.000000E+00,  0.000000E+00,  0.000000E+00
  1.262500E+04,  9.637324E-12,  0.000000E+00,  0.000000E+00,  0.000000E+00
  1.267500E+04,  9.538970E-12,  0.000000E+00,  0.000000E+00,  0.000000E+00
  1.272500E+04,  9.557645E-12,  0.000000E+00,  0.000000E+00,  0.000000E+00
  1.277500E+04,  9.546329E-12,  0.000000E+00,  0.000000E+00,  0.000000E+00
  1.282500E+04,  9.255214E-12,  0.000000E+00,  0.000000E+00,  0.000000E+00
  1.287500E+04,  9.375569E-12,  0.000000E+00,  0.000000E+00,  0.000000E+00
  1.292500E+04,  9.237323E-12,  0.000000E+00,  0.000000E+00,  0.000000E+00
  1.297500E+04,  9.343500E-12,  0.000000E+00,  0.000000E+00,  0.000000E+00
  1.302500E+04,  9.261416E-12,  0.000000E+00,  0.000000E+00,  0.000000E+00
  1.307500E+04,  9.279062E-12,  0.000000E+00,  0.000000E+00,  0.000000E+00
  1.312500E+04,  9.008207E-12,  0.000000E+00,  0.000000E+00,  0.000000E+00
  1.317500E+04,  9.043196E-12,  0.000000E+00,  0.000000E+00,  0.000000E+00
  1.322500E+04,  9.133020E-12,  0.000000E+00,  0.000000E+00,  0.000000E+00
  1.327500E+04,  8.991928E-12,  0.000000E+00,  0.000000E+00,  0.000000E+00
  1.332500E+04,  8.998055E-12,  0.000000E+00,  0.000000E+00,  0.000000E+00
  1.337500E+04,  8.996433E-12,  0.000000E+00,  0.000000E+00,  0.000000E+00
  1.342500E+04,  9.003982E-12,  0.000000E+00,  0.000000E+00,  0.000000E+00
  1.347500E+04,  8.966664E-12,  0.000000E+00,  0.000000E+00,  0.000000E+00
  1.352500E+04,  8.934427E-12,  0.000000E+00,  0.000000E+00,  0.000000E+00
  1.357500E+04,  8.817855E-12,  0.000000E+00,  0.000000E+00,  0.000000E+00
  1.362500E+04,  8.754683E-12,  0.000000E+00,  0.000000E+00,  0.000000E+00
  1.367500E+04,  8.807152E-12,  0.000000E+00,  0.000000E+00,  0.000000E+00
  1.372500E+04,  8.824174E-12,  0.000000E+00,  0.000000E+00,  0.000000E+00
  1.377500E+04,  8.757848E-12,  0.000000E+00,  0.000000E+00,  0.000000E+00
  1.382500E+04,  8.759543E-12,  0.000000E+00,  0.000000E+00,  0.000000E+00
  1.387500E+04,  8.650367E-12,  0.000000E+00,  0.000000E+00,  0.000000E+00
  1.392500E+04,  8.516649E-12,  0.000000E+00,  0.000000E+00,  0.000000E+00
  1.397500E+04,  8.571598E-12,  0.000000E+00,  0.000000E+00,  0.000000E+00
  1.402500E+04,  8.485145E-12,  0.000000E+00,  0.000000E+00,  0.000000E+00
  1.407500E+04,  8.523069E-12,  0.000000E+00,  0.000000E+00,  0.000000E+00
  1.412500E+04,  8.382590E-12,  0.000000E+00,  0.000000E+00,  0.000000E+00
  1.417500E+04,  8.427930E-12,  0.000000E+00,  0.000000E+00,  0.000000E+00
  1.422500E+04,  8.310084E-12,  0.000000E+00,  0.000000E+00,  0.000000E+00
  1.427500E+04,  8.081452E-12,  0.000000E+00,  0.000000E+00,  0.000000E+00
  1.432500E+04,  8.318752E-12,  0.000000E+00,  0.000000E+00,  0.000000E+00
  1.437500E+04,  8.334650E-12,  0.000000E+00,  0.000000E+00,  0.000000E+00
  1.442500E+04,  8.157975E-12,  0.000000E+00,  0.000000E+00,  0.000000E+00
  1.447500E+04,  8.316791E-12,  0.000000E+00,  0.000000E+00,  0.000000E+00
  1.452500E+04,  8.170184E-12,  0.000000E+00,  0.000000E+00,  0.000000E+00
  1.457000E+04,  8.156494E-12,  0.000000E+00,  0.000000E+00,  0.000000E+00
  1.462000E+04,  8.063223E-12,  0.000000E+00,  0.000000E+00,  0.000000E+00
  1.467500E+04,  8.056336E-12,  0.000000E+00,  0.000000E+00,  0.000000E+00
  1.472500E+04,  7.991164E-12,  0.000000E+00,  0.000000E+00,  0.000000E+00
  1.477500E+04,  8.011286E-12,  0.000000E+00,  0.000000E+00,  0.000000E+00
  1.482500E+04,  8.040438E-12,  0.000000E+00,  0.000000E+00,  0.000000E+00
  1.487500E+04,  7.776417E-12,  0.000000E+00,  0.000000E+00,  0.000000E+00
  1.492500E+04,  8.113136E-12,  0.000000E+00,  0.000000E+00,  0.000000E+00
  1.497500E+04,  8.056852E-12,  0.000000E+00,  0.000000E+00,  0.000000E+00
  1.502500E+04,  7.510688E-12,  0.000000E+00,  0.000000E+00,  0.000000E+00
  1.507500E+04,  7.753537E-12,  0.000000E+00,  0.000000E+00,  0.000000E+00
  1.512500E+04,  7.959003E-12,  0.000000E+00,  0.000000E+00,  0.000000E+00
  1.517500E+04,  7.981824E-12,  0.000000E+00,  0.000000E+00,  0.000000E+00
  1.522500E+04,  7.939805E-12,  0.000000E+00,  0.000000E+00,  0.000000E+00
  1.527500E+04,  7.920499E-12,  0.000000E+00,  0.000000E+00,  0.000000E+00
  1.532500E+04,  7.952511E-12,  0.000000E+00,  0.000000E+00,  0.000000E+00
  1.537500E+04,  7.899164E-12,  0.000000E+00,  0.000000E+00,  0.000000E+00
  1.542500E+04,  7.865433E-12,  0.000000E+00,  0.000000E+00,  0.000000E+00
  1.547500E+04,  7.975823E-12,  0.000000E+00,  0.000000E+00,  0.000000E+00
  1.552500E+04,  7.810933E-12,  0.000000E+00,  0.000000E+00,  0.000000E+00
  1.557500E+04,  7.807561E-12,  0.000000E+00,  0.000000E+00,  0.000000E+00
  1.562500E+04,  7.902831E-12,  0.000000E+00,  0.000000E+00,  0.000000E+00
  1.567500E+04,  7.761935E-12,  0.000000E+00,  0.000000E+00,  0.000000E+00
  1.572500E+04,  7.714731E-12,  0.000000E+00,  0.000000E+00,  0.000000E+00
  1.577500E+04,  7.333039E-12,  0.000000E+00,  0.000000E+00,  0.000000E+00
  1.582500E+04,  7.671906E-12,  0.000000E+00,  0.000000E+00,  0.000000E+00
  1.587500E+04,  7.444765E-12,  0.000000E+00,  0.000000E+00,  0.000000E+00
  1.592500E+04,  7.625718E-12,  0.000000E+00,  0.000000E+00,  0.000000E+00
  1.597500E+04,  7.647364E-12,  0.000000E+00,  0.000000E+00,  0.000000E+00
  1.605000E+04,  7.603511E-12,  0.000000E+00,  0.000000E+00,  0.000000E+00
  1.615000E+04,  7.495127E-12,  0.000000E+00,  0.000000E+00,  0.000000E+00
  1.625000E+04,  7.434763E-12,  0.000000E+00,  0.000000E+00,  0.000000E+00
  1.635000E+04,  7.392134E-12,  0.000000E+00,  0.000000E+00,  0.000000E+00
  1.645000E+04,  7.246223E-12,  0.000000E+00,  0.000000E+00,  0.000000E+00
  1.655000E+04,  7.234340E-12,  0.000000E+00,  0.000000E+00,  0.000000E+00
  1.665000E+04,  7.057745E-12,  0.000000E+00,  0.000000E+00,  0.000000E+00
  1.675000E+04,  6.829733E-12,  0.000000E+00,  0.000000E+00,  0.000000E+00
  1.685000E+04,  6.755720E-12,  0.000000E+00,  0.000000E+00,  0.000000E+00
  1.695000E+04,  6.732130E-12,  0.000000E+00,  0.000000E+00,  0.000000E+00
  1.705000E+04,  6.513862E-12,  0.000000E+00,  0.000000E+00,  0.000000E+00
  1.715000E+04,  6.325977E-12,  0.000000E+00,  0.000000E+00,  0.000000E+00
  1.725000E+04,  6.246715E-12,  0.000000E+00,  0.000000E+00,  0.000000E+00
  1.735000E+04,  6.091198E-12,  0.000000E+00,  0.000000E+00,  0.000000E+00
  1.745000E+04,  6.028155E-12,  0.000000E+00,  0.000000E+00,  0.000000E+00
  1.755000E+04,  5.926266E-12,  0.000000E+00,  0.000000E+00,  0.000000E+00
  1.765000E+04,  5.829068E-12,  0.000000E+00,  0.000000E+00,  0.000000E+00
  1.775000E+04,  5.698867E-12,  0.000000E+00,  0.000000E+00,  0.000000E+00
  1.785000E+04,  5.618520E-12,  0.000000E+00,  0.000000E+00,  0.000000E+00
  1.795000E+04,  5.537714E-12,  0.000000E+00,  0.000000E+00,  0.000000E+00
  1.805000E+04,  5.362679E-12,  0.000000E+00,  0.000000E+00,  0.000000E+00
  1.815000E+04,  5.292610E-12,  0.000000E+00,  0.000000E+00,  0.000000E+00
  1.825000E+04,  5.156167E-12,  0.000000E+00,  0.000000E+00,  0.000000E+00
  1.835000E+04,  5.080657E-12,  0.000000E+00,  0.000000E+00,  0.000000E+00
  1.845000E+04,  4.901329E-12,  0.000000E+00,  0.000000E+00,  0.000000E+00
  1.855000E+04,  4.885820E-12,  0.000000E+00,  0.000000E+00,  0.000000E+00
  1.865000E+04,  4.769881E-12,  0.000000E+00,  0.000000E+00,  0.000000E+00
  1.875000E+04,  4.641391E-12,  0.000000E+00,  0.000000E+00,  0.000000E+00
  1.885000E+04,  4.611558E-12,  0.000000E+00,  0.000000E+00,  0.000000E+00
  1.895000E+04,  4.423272E-12,  0.000000E+00,  0.000000E+00,  0.000000E+00
  1.905000E+04,  4.459333E-12,  0.000000E+00,  0.000000E+00,  0.000000E+00
  1.915000E+04,  4.367609E-12,  0.000000E+00,  0.000000E+00,  0.000000E+00
  1.925000E+04,  4.310343E-12,  0.000000E+00,  0.000000E+00,  0.000000E+00
  1.935000E+04,  4.151463E-12,  0.000000E+00,  0.000000E+00,  0.000000E+00
  1.945000E+04,  4.047437E-12,  0.000000E+00,  0.000000E+00,  0.000000E+00
  1.955000E+04,  4.051668E-12,  0.000000E+00,  0.000000E+00,  0.000000E+00
  1.965000E+04,  3.989111E-12,  0.000000E+00,  0.000000E+00,  0.000000E+00
  1.975000E+04,  3.817824E-12,  0.000000E+00,  0.000000E+00,  0.000000E+00
  1.985000E+04,  3.798270E-12,  0.000000E+00,  0.000000E+00,  0.000000E+00
  1.995000E+04,  3.750294E-12,  0.000000E+00,  0.000000E+00,  0.000000E+00
  2.005000E+04,  3.753546E-12,  0.000000E+00,  0.000000E+00,  0.000000E+00
  2.015000E+04,  3.697534E-12,  0.000000E+00,  0.000000E+00,  0.000000E+00
  2.025000E+04,  3.587624E-12,  0.000000E+00,  0.000000E+00,  0.000000E+00
  2.035000E+04,  3.530217E-12,  0.000000E+00,  0.000000E+00,  0.000000E+00
  2.045000E+04,  3.510534E-12,  0.000000E+00,  0.000000E+00,  0.000000E+00
  2.055000E+04,  3.426125E-12,  0.000000E+00,  0.000000E+00,  0.000000E+00
  2.065000E+04,  3.344521E-12,  0.000000E+00,  0.000000E+00,  0.000000E+00
  2.075000E+04,  3.317390E-12,  0.000000E+00,  0.000000E+00,  0.000000E+00
  2.085000E+04,  3.251179E-12,  0.000000E+00,  0.000000E+00,  0.000000E+00
  2.095000E+04,  3.166821E-12,  0.000000E+00,  0.000000E+00,  0.000000E+00
  2.105000E+04,  3.150563E-12,  0.000000E+00,  0.000000E+00,  0.000000E+00
  2.115000E+04,  3.088819E-12,  0.000000E+00,  0.000000E+00,  0.000000E+00
  2.125000E+04,  3.045835E-12,  0.000000E+00,  0.000000E+00,  0.000000E+00
  2.135000E+04,  3.006228E-12,  0.000000E+00,  0.000000E+00,  0.000000E+00
  2.145000E+04,  2.959199E-12,  0.000000E+00,  0.000000E+00,  0.000000E+00
  2.155000E+04,  2.910522E-12,  0.000000E+00,  0.000000E+00,  0.000000E+00
  2.165000E+04,  2.847615E-12,  0.000000E+00,  0.000000E+00,  0.000000E+00
  2.175000E+04,  2.791920E-12,  0.000000E+00,  0.000000E+00,  0.000000E+00
  2.185000E+04,  2.756398E-12,  0.000000E+00,  0.000000E+00,  0.000000E+00
  2.195000E+04,  2.723243E-12,  0.000000E+00,  0.000000E+00,  0.000000E+00
  2.205000E+04,  2.621011E-12,  0.000000E+00,  0.000000E+00,  0.000000E+00
  2.215000E+04,  2.650414E-12,  0.000000E+00,  0.000000E+00,  0.000000E+00
  2.225000E+04,  2.566419E-12,  0.000000E+00,  0.000000E+00,  0.000000E+00
  2.235000E+04,  2.540288E-12,  0.000000E+00,  0.000000E+00,  0.000000E+00
  2.245000E+04,  2.506457E-12,  0.000000E+00,  0.000000E+00,  0.000000E+00
  2.255000E+04,  2.476887E-12,  0.000000E+00,  0.000000E+00,  0.000000E+00
  2.265000E+04,  2.407520E-12,  0.000000E+00,  0.000000E+00,  0.000000E+00
  2.275000E+04,  2.404250E-12,  0.000000E+00,  0.000000E+00,  0.000000E+00
  2.285000E+04,  2.337797E-12,  0.000000E+00,  0.000000E+00,  0.000000E+00
  2.295000E+04,  2.126367E-12,  0.000000E+00,  0.000000E+00,  0.000000E+00
  2.305000E+04,  2.200885E-12,  0.000000E+00,  0.000000E+00,  0.000000E+00
  2.315000E+04,  2.181244E-12,  0.000000E+00,  0.000000E+00,  0.000000E+00
  2.325000E+04,  1.970983E-12,  0.000000E+00,  0.000000E+00,  0.000000E+00
  2.335000E+04,  2.035395E-12,  0.000000E+00,  0.000000E+00,  0.000000E+00
  2.345000E+04,  2.058290E-12,  0.000000E+00,  0.000000E+00,  0.000000E+00
  2.355000E+04,  1.853579E-12,  0.000000E+00,  0.000000E+00,  0.000000E+00
  2.365000E+04,  1.949750E-12,  0.000000E+00,  0.000000E+00,  0.000000E+00
  2.375000E+04,  1.934164E-12,  0.000000E+00,  0.000000E+00,  0.000000E+00
  2.385000E+04,  1.761628E-12,  0.000000E+00,  0.000000E+00,  0.000000E+00
  2.395000E+04,  1.839133E-12,  0.000000E+00,  0.000000E+00,  0.000000E+00
  2.405000E+04,  1.846491E-12,  0.000000E+00,  0.000000E+00,  0.000000E+00
  2.415000E+04,  1.704715E-12,  0.000000E+00,  0.000000E+00,  0.000000E+00
  2.425000E+04,  1.747119E-12,  0.000000E+00,  0.000000E+00,  0.000000E+00
  2.435000E+04,  1.755977E-12,  0.000000E+00,  0.000000E+00,  0.000000E+00
  2.445000E+04,  1.664070E-12,  0.000000E+00,  0.000000E+00,  0.000000E+00
  2.455000E+04,  1.636546E-12,  0.000000E+00,  0.000000E+00,  0.000000E+00
  2.465000E+04,  1.681386E-12,  0.000000E+00,  0.000000E+00,  0.000000E+00
  2.475000E+04,  1.620339E-12,  0.000000E+00,  0.000000E+00,  0.000000E+00
  2.485000E+04,  1.552615E-12,  0.000000E+00,  0.000000E+00,  0.000000E+00
  2.495000E+04,  1.596052E-12,  0.000000E+00,  0.000000E+00,  0.000000E+00
  2.505000E+04,  1.588622E-12,  0.000000E+00,  0.000000E+00,  0.000000E+00
  2.515000E+04,  1.511429E-12,  0.000000E+00,  0.000000E+00,  0.000000E+00
  2.525000E+04,  1.496705E-12,  0.000000E+00,  0.000000E+00,  0.000000E+00
  2.535000E+04,  1.507037E-12,  0.000000E+00,  0.000000E+00,  0.000000E+00
  2.545000E+04,  1.475863E-12,  0.000000E+00,  0.000000E+00,  0.000000E+00
  2.555000E+04,  1.464523E-12,  0.000000E+00,  0.000000E+00,  0.000000E+00
  2.565000E+04,  1.453548E-12,  0.000000E+00,  0.000000E+00,  0.000000E+00
  2.575000E+04,  1.452217E-12,  0.000000E+00,  0.000000E+00,  0.000000E+00
  2.585000E+04,  1.395008E-12,  0.000000E+00,  0.000000E+00,  0.000000E+00
  2.595000E+04,  1.403599E-12,  0.000000E+00,  0.000000E+00,  0.000000E+00
  2.605000E+04,  1.391513E-12,  0.000000E+00,  0.000000E+00,  0.000000E+00
  2.615000E+04,  1.382662E-12,  0.000000E+00,  0.000000E+00,  0.000000E+00
  2.625000E+04,  1.343567E-12,  0.000000E+00,  0.000000E+00,  0.000000E+00
  2.635000E+04,  1.338097E-12,  0.000000E+00,  0.000000E+00,  0.000000E+00
  2.645000E+04,  1.323173E-12,  0.000000E+00,  0.000000E+00,  0.000000E+00
  2.655000E+04,  1.275517E-12,  0.000000E+00,  0.000000E+00,  0.000000E+00
  2.665000E+04,  1.268902E-12,  0.000000E+00,  0.000000E+00,  0.000000E+00
  2.675000E+04,  1.281779E-12,  0.000000E+00,  0.000000E+00,  0.000000E+00
  2.685000E+04,  1.267893E-12,  0.000000E+00,  0.000000E+00,  0.000000E+00
  2.695000E+04,  1.242735E-12,  0.000000E+00,  0.000000E+00,  0.000000E+00
  2.705000E+04,  1.233159E-12,  0.000000E+00,  0.000000E+00,  0.000000E+00
  2.715000E+04,  1.217466E-12,  0.000000E+00,  0.000000E+00,  0.000000E+00
  2.725000E+04,  1.206946E-12,  0.000000E+00,  0.000000E+00,  0.000000E+00
  2.735000E+04,  1.189096E-12,  0.000000E+00,  0.000000E+00,  0.000000E+00
  2.745000E+04,  1.177675E-12,  0.000000E+00,  0.000000E+00,  0.000000E+00
  2.755000E+04,  1.163735E-12,  0.000000E+00,  0.000000E+00,  0.000000E+00
  2.765000E+04,  1.146948E-12,  0.000000E+00,  0.000000E+00,  0.000000E+00
  2.775000E+04,  1.133982E-12,  0.000000E+00,  0.000000E+00,  0.000000E+00
  2.785000E+04,  1.118139E-12,  0.000000E+00,  0.000000E+00,  0.000000E+00
  2.795000E+04,  1.092614E-12,  0.000000E+00,  0.000000E+00,  0.000000E+00
  2.805000E+04,  1.067515E-12,  0.000000E+00,  0.000000E+00,  0.000000E+00
  2.815000E+04,  1.066642E-12,  0.000000E+00,  0.000000E+00,  0.000000E+00
  2.825000E+04,  1.060788E-12,  0.000000E+00,  0.000000E+00,  0.000000E+00
  2.835000E+04,  1.051380E-12,  0.000000E+00,  0.000000E+00,  0.000000E+00
  2.845000E+04,  1.038671E-12,  0.000000E+00,  0.000000E+00,  0.000000E+00
  2.855000E+04,  1.020821E-12,  0.000000E+00,  0.000000E+00,  0.000000E+00
  2.865000E+04,  1.011770E-12,  0.000000E+00,  0.000000E+00,  0.000000E+00
  2.875000E+04,  1.001001E-12,  0.000000E+00,  0.000000E+00,  0.000000E+00
  2.885000E+04,  9.876050E-13,  0.000000E+00,  0.000000E+00,  0.000000E+00
  2.895000E+04,  9.772797E-13,  0.000000E+00,  0.000000E+00,  0.000000E+00
  2.905000E+04,  9.591879E-13,  0.000000E+00,  0.000000E+00,  0.000000E+00
  2.915000E+04,  9.565238E-13,  0.000000E+00,  0.000000E+00,  0.000000E+00
  2.925000E+04,  9.210556E-13,  0.000000E+00,  0.000000E+00,  0.000000E+00
  2.935000E+04,  9.222974E-13,  0.000000E+00,  0.000000E+00,  0.000000E+00
  2.945000E+04,  9.007178E-13,  0.000000E+00,  0.000000E+00,  0.000000E+00
  2.955000E+04,  9.037874E-13,  0.000000E+00,  0.000000E+00,  0.000000E+00
  2.965000E+04,  8.802448E-13,  0.000000E+00,  0.000000E+00,  0.000000E+00
  2.975000E+04,  8.819832E-13,  0.000000E+00,  0.000000E+00,  0.000000E+00
  2.985000E+04,  8.693258E-13,  0.000000E+00,  0.000000E+00,  0.000000E+00
  2.995000E+04,  8.608410E-13,  0.000000E+00,  0.000000E+00,  0.000000E+00
  3.005000E+04,  8.395873E-13,  0.000000E+00,  0.000000E+00,  0.000000E+00
  3.015000E+04,  8.432750E-13,  0.000000E+00,  0.000000E+00,  0.000000E+00
  3.025000E+04,  8.282041E-13,  0.000000E+00,  0.000000E+00,  0.000000E+00
  3.035000E+04,  8.224676E-13,  0.000000E+00,  0.000000E+00,  0.000000E+00
  3.045000E+04,  7.970003E-13,  0.000000E+00,  0.000000E+00,  0.000000E+00
  3.055000E+04,  8.032503E-13,  0.000000E+00,  0.000000E+00,  0.000000E+00
  3.065000E+04,  7.906181E-13,  0.000000E+00,  0.000000E+00,  0.000000E+00
  3.075000E+04,  7.816536E-13,  0.000000E+00,  0.000000E+00,  0.000000E+00
  3.085000E+04,  7.653329E-13,  0.000000E+00,  0.000000E+00,  0.000000E+00
  3.095000E+04,  7.569904E-13,  0.000000E+00,  0.000000E+00,  0.000000E+00
  3.105000E+04,  7.559059E-13,  0.000000E+00,  0.000000E+00,  0.000000E+00
  3.115000E+04,  7.344061E-13,  0.000000E+00,  0.000000E+00,  0.000000E+00
  3.125000E+04,  7.381496E-13,  0.000000E+00,  0.000000E+00,  0.000000E+00
  3.135000E+04,  7.151277E-13,  0.000000E+00,  0.000000E+00,  0.000000E+00
  3.145000E+04,  7.178287E-13,  0.000000E+00,  0.000000E+00,  0.000000E+00
  3.155000E+04,  7.080614E-13,  0.000000E+00,  0.000000E+00,  0.000000E+00
  3.165000E+04,  7.044084E-13,  0.000000E+00,  0.000000E+00,  0.000000E+00
  3.175000E+04,  6.914231E-13,  0.000000E+00,  0.000000E+00,  0.000000E+00
  3.185000E+04,  6.831516E-13,  0.000000E+00,  0.000000E+00,  0.000000E+00
  3.195000E+04,  6.758366E-13,  0.000000E+00,  0.000000E+00,  0.000000E+00
  3.210000E+04,  6.703019E-13,  0.000000E+00,  0.000000E+00,  0.000000E+00
  3.230000E+04,  6.453769E-13,  0.000000E+00,  0.000000E+00,  0.000000E+00
  3.250000E+04,  6.387447E-13,  0.000000E+00,  0.000000E+00,  0.000000E+00
  3.270000E+04,  6.228775E-13,  0.000000E+00,  0.000000E+00,  0.000000E+00
  3.290000E+04,  6.034034E-13,  0.000000E+00,  0.000000E+00,  0.000000E+00
  3.310000E+04,  5.954290E-13,  0.000000E+00,  0.000000E+00,  0.000000E+00
  3.330000E+04,  5.766307E-13,  0.000000E+00,  0.000000E+00,  0.000000E+00
  3.350000E+04,  5.684820E-13,  0.000000E+00,  0.000000E+00,  0.000000E+00
  3.370000E+04,  5.588637E-13,  0.000000E+00,  0.000000E+00,  0.000000E+00
  3.390000E+04,  5.378777E-13,  0.000000E+00,  0.000000E+00,  0.000000E+00
  3.410000E+04,  5.315398E-13,  0.000000E+00,  0.000000E+00,  0.000000E+00
  3.430000E+04,  5.250511E-13,  0.000000E+00,  0.000000E+00,  0.000000E+00
  3.450000E+04,  5.055513E-13,  0.000000E+00,  0.000000E+00,  0.000000E+00
  3.470000E+04,  5.007622E-13,  0.000000E+00,  0.000000E+00,  0.000000E+00
  3.490000E+04,  4.918250E-13,  0.000000E+00,  0.000000E+00,  0.000000E+00
  3.510000E+04,  4.765613E-13,  0.000000E+00,  0.000000E+00,  0.000000E+00
  3.530000E+04,  4.671689E-13,  0.000000E+00,  0.000000E+00,  0.000000E+00
  3.550000E+04,  4.609793E-13,  0.000000E+00,  0.000000E+00,  0.000000E+00
  3.570000E+04,  4.464730E-13,  0.000000E+00,  0.000000E+00,  0.000000E+00
  3.590000E+04,  4.380664E-13,  0.000000E+00,  0.000000E+00,  0.000000E+00
  3.610000E+04,  4.339865E-13,  0.000000E+00,  0.000000E+00,  0.000000E+00
  3.630000E+04,  4.209429E-13,  0.000000E+00,  0.000000E+00,  0.000000E+00
  3.650000E+04,  4.125581E-13,  0.000000E+00,  0.000000E+00,  0.000000E+00
  3.670000E+04,  4.043459E-13,  0.000000E+00,  0.000000E+00,  0.000000E+00
  3.690000E+04,  3.953348E-13,  0.000000E+00,  0.000000E+00,  0.000000E+00
  3.710000E+04,  3.851757E-13,  0.000000E+00,  0.000000E+00,  0.000000E+00
  3.730000E+04,  3.799202E-13,  0.000000E+00,  0.000000E+00,  0.000000E+00
  3.750000E+04,  3.732317E-13,  0.000000E+00,  0.000000E+00,  0.000000E+00
  3.770000E+04,  3.633369E-13,  0.000000E+00,  0.000000E+00,  0.000000E+00
  3.790000E+04,  3.598057E-13,  0.000000E+00,  0.000000E+00,  0.000000E+00
  3.810000E+04,  3.505981E-13,  0.000000E+00,  0.000000E+00,  0.000000E+00
  3.830000E+04,  3.448661E-13,  0.000000E+00,  0.000000E+00,  0.000000E+00
  3.850000E+04,  3.379070E-13,  0.000000E+00,  0.000000E+00,  0.000000E+00
  3.870000E+04,  3.316245E-13,  0.000000E+00,  0.000000E+00,  0.000000E+00
  3.890000E+04,  3.242376E-13,  0.000000E+00,  0.000000E+00,  0.000000E+00
  3.910000E+04,  3.190016E-13,  0.000000E+00,  0.000000E+00,  0.000000E+00
  3.930000E+04,  3.127105E-13,  0.000000E+00,  0.000000E+00,  0.000000E+00
  3.950000E+04,  3.071641E-13,  0.000000E+00,  0.000000E+00,  0.000000E+00
  3.970000E+04,  3.016800E-13,  0.000000E+00,  0.000000E+00,  0.000000E+00
  3.990000E+04,  2.914771E-13,  0.000000E+00,  0.000000E+00,  0.000000E+00
  4.010000E+04,  2.895270E-13,  0.000000E+00,  0.000000E+00,  0.000000E+00
  4.030000E+04,  2.845450E-13,  0.000000E+00,  0.000000E+00,  0.000000E+00
  4.050000E+04,  2.771654E-13,  0.000000E+00,  0.000000E+00,  0.000000E+00
  4.070000E+04,  2.715417E-13,  0.000000E+00,  0.000000E+00,  0.000000E+00
  4.090000E+04,  2.683321E-13,  0.000000E+00,  0.000000E+00,  0.000000E+00
  4.110000E+04,  2.629349E-13,  0.000000E+00,  0.000000E+00,  0.000000E+00
  4.130000E+04,  2.581060E-13,  0.000000E+00,  0.000000E+00,  0.000000E+00
  4.150000E+04,  2.535843E-13,  0.000000E+00,  0.000000E+00,  0.000000E+00
  4.170000E+04,  2.475368E-13,  0.000000E+00,  0.000000E+00,  0.000000E+00
  4.190000E+04,  2.442610E-13,  0.000000E+00,  0.000000E+00,  0.000000E+00
  4.210000E+04,  2.370224E-13,  0.000000E+00,  0.000000E+00,  0.000000E+00
  4.230000E+04,  2.363390E-13,  0.000000E+00,  0.000000E+00,  0.000000E+00
  4.250000E+04,  2.307073E-13,  0.000000E+00,  0.000000E+00,  0.000000E+00
  4.270000E+04,  2.272221E-13,  0.000000E+00,  0.000000E+00,  0.000000E+00
  4.290000E+04,  2.150753E-13,  0.000000E+00,  0.000000E+00,  0.000000E+00
  4.310000E+04,  2.028322E-13,  0.000000E+00,  0.000000E+00,  0.000000E+00
  4.330000E+04,  2.042884E-13,  0.000000E+00,  0.000000E+00,  0.000000E+00
  4.350000E+04,  1.925245E-13,  0.000000E+00,  0.000000E+00,  0.000000E+00
  4.370000E+04,  1.865881E-13,  0.000000E+00,  0.000000E+00,  0.000000E+00
  4.390000E+04,  1.834775E-13,  0.000000E+00,  0.000000E+00,  0.000000E+00
  4.410000E+04,  1.734469E-13,  0.000000E+00,  0.000000E+00,  0.000000E+00
  4.430000E+04,  1.715779E-13,  0.000000E+00,  0.000000E+00,  0.000000E+00
  4.450000E+04,  1.684635E-13,  0.000000E+00,  0.000000E+00,  0.000000E+00
  4.470000E+04,  1.606542E-13,  0.000000E+00,  0.000000E+00,  0.000000E+00
  4.490000E+04,  1.609020E-13,  0.000000E+00,  0.000000E+00,  0.000000E+00
  4.510000E+04,  1.563274E-13,  0.000000E+00,  0.000000E+00,  0.000000E+00
  4.530000E+04,  1.511813E-13,  0.000000E+00,  0.000000E+00,  0.000000E+00
  4.550000E+04,  1.513612E-13,  0.000000E+00,  0.000000E+00,  0.000000E+00
  4.570000E+04,  1.501955E-13,  0.000000E+00,  0.000000E+00,  0.000000E+00
  4.590000E+04,  1.436138E-13,  0.000000E+00,  0.000000E+00,  0.000000E+00
  4.610000E+04,  1.446623E-13,  0.000000E+00,  0.000000E+00,  0.000000E+00
  4.630000E+04,  1.418909E-13,  0.000000E+00,  0.000000E+00,  0.000000E+00
  4.650000E+04,  1.410561E-13,  0.000000E+00,  0.000000E+00,  0.000000E+00
  4.670000E+04,  1.400678E-13,  0.000000E+00,  0.000000E+00,  0.000000E+00
  4.690000E+04,  1.377743E-13,  0.000000E+00,  0.000000E+00,  0.000000E+00
  4.710000E+04,  1.351190E-13,  0.000000E+00,  0.000000E+00,  0.000000E+00
  4.730000E+04,  1.356338E-13,  0.000000E+00,  0.000000E+00,  0.000000E+00
  4.750000E+04,  1.325208E-13,  0.000000E+00,  0.000000E+00,  0.000000E+00
  4.770000E+04,  1.307111E-13,  0.000000E+00,  0.000000E+00,  0.000000E+00
  4.790000E+04,  1.294796E-13,  0.000000E+00,  0.000000E+00,  0.000000E+00
  4.810000E+04,  1.258883E-13,  0.000000E+00,  0.000000E+00,  0.000000E+00
  4.830000E+04,  1.271265E-13,  0.000000E+00,  0.000000E+00,  0.000000E+00
  4.850000E+04,  1.246022E-13,  0.000000E+00,  0.000000E+00,  0.000000E+00
  4.870000E+04,  1.215301E-13,  0.000000E+00,  0.000000E+00,  0.000000E+00
  4.890000E+04,  1.200504E-13,  0.000000E+00,  0.000000E+00,  0.000000E+00
  4.910000E+04,  1.189447E-13,  0.000000E+00,  0.000000E+00,  0.000000E+00
  4.930000E+04,  1.166157E-13,  0.000000E+00,  0.000000E+00,  0.000000E+00
  4.950000E+04,  1.147668E-13,  0.000000E+00,  0.000000E+00,  0.000000E+00
  4.970000E+04,  1.138766E-13,  0.000000E+00,  0.000000E+00,  0.000000E+00
  4.990000E+04,  1.124442E-13,  0.000000E+00,  0.000000E+00,  0.000000E+00
  5.010000E+04,  1.090342E-13,  0.000000E+00,  0.000000E+00,  0.000000E+00
  5.030000E+04,  1.094323E-13,  0.000000E+00,  0.000000E+00,  0.000000E+00
  5.050000E+04,  1.068915E-13,  0.000000E+00,  0.000000E+00,  0.000000E+00
  5.070000E+04,  1.060172E-13,  0.000000E+00,  0.000000E+00,  0.000000E+00
  5.090000E+04,  1.047113E-13,  0.000000E+00,  0.000000E+00,  0.000000E+00
  5.110000E+04,  1.024924E-13,  0.000000E+00,  0.000000E+00,  0.000000E+00
  5.130000E+04,  1.022570E-13,  0.000000E+00,  0.000000E+00,  0.000000E+00
  5.150000E+04,  1.003372E-13,  0.000000E+00,  0.000000E+00,  0.000000E+00
  5.170000E+04,  9.985735E-14,  0.000000E+00,  0.000000E+00,  0.000000E+00
  5.190000E+04,  9.784455E-14,  0.000000E+00,  0.000000E+00,  0.000000E+00
  5.210000E+04,  9.689251E-14,  0.000000E+00,  0.000000E+00,  0.000000E+00
  5.230000E+04,  9.522907E-14,  0.000000E+00,  0.000000E+00,  0.000000E+00
  5.250000E+04,  9.452836E-14,  0.000000E+00,  0.000000E+00,  0.000000E+00
  5.270000E+04,  9.417841E-14,  0.000000E+00,  0.000000E+00,  0.000000E+00
  5.290000E+04,  9.151247E-14,  0.000000E+00,  0.000000E+00,  0.000000E+00
  5.310000E+04,  9.066599E-14,  0.000000E+00,  0.000000E+00,  0.000000E+00
  5.330000E+04,  8.963629E-14,  0.000000E+00,  0.000000E+00,  0.000000E+00
  5.350000E+04,  8.872571E-14,  0.000000E+00,  0.000000E+00,  0.000000E+00
  5.370000E+04,  8.772614E-14,  0.000000E+00,  0.000000E+00,  0.000000E+00
  5.390000E+04,  8.684875E-14,  0.000000E+00,  0.000000E+00,  0.000000E+00
  5.410000E+04,  8.575439E-14,  0.000000E+00,  0.000000E+00,  0.000000E+00
  5.430000E+04,  8.380113E-14,  0.000000E+00,  0.000000E+00,  0.000000E+00
  5.450000E+04,  8.371505E-14,  0.000000E+00,  0.000000E+00,  0.000000E+00
  5.470000E+04,  8.244404E-14,  0.000000E+00,  0.000000E+00,  0.000000E+00
  5.490000E+04,  8.138511E-14,  0.000000E+00,  0.000000E+00,  0.000000E+00
  5.510000E+04,  8.041718E-14,  0.000000E+00,  0.000000E+00,  0.000000E+00
  5.530000E+04,  8.057324E-14,  0.000000E+00,  0.000000E+00,  0.000000E+00
  5.550000E+04,  7.818093E-14,  0.000000E+00,  0.000000E+00,  0.000000E+00
  5.570000E+04,  7.827269E-14,  0.000000E+00,  0.000000E+00,  0.000000E+00
  5.590000E+04,  7.687637E-14,  0.000000E+00,  0.000000E+00,  0.000000E+00
  5.610000E+04,  7.607074E-14,  0.000000E+00,  0.000000E+00,  0.000000E+00
  5.630000E+04,  7.474673E-14,  0.000000E+00,  0.000000E+00,  0.000000E+00
  5.650000E+04,  7.447173E-14,  0.000000E+00,  0.000000E+00,  0.000000E+00
  5.670000E+04,  7.353545E-14,  0.000000E+00,  0.000000E+00,  0.000000E+00
  5.690000E+04,  7.207982E-14,  0.000000E+00,  0.000000E+00,  0.000000E+00
  5.710000E+04,  7.193826E-14,  0.000000E+00,  0.000000E+00,  0.000000E+00
  5.730000E+04,  7.091068E-14,  0.000000E+00,  0.000000E+00,  0.000000E+00
  5.750000E+04,  7.019180E-14,  0.000000E+00,  0.000000E+00,  0.000000E+00
  5.770000E+04,  6.911449E-14,  0.000000E+00,  0.000000E+00,  0.000000E+00
  5.790000E+04,  6.867370E-14,  0.000000E+00,  0.000000E+00,  0.000000E+00
  5.810000E+04,  6.753506E-14,  0.000000E+00,  0.000000E+00,  0.000000E+00
  5.830000E+04,  6.676083E-14,  0.000000E+00,  0.000000E+00,  0.000000E+00
  5.850000E+04,  6.612719E-14,  0.000000E+00,  0.000000E+00,  0.000000E+00
  5.870000E+04,  6.508222E-14,  0.000000E+00,  0.000000E+00,  0.000000E+00
  5.890000E+04,  6.436260E-14,  0.000000E+00,  0.000000E+00,  0.000000E+00
  5.910000E+04,  6.372319E-14,  0.000000E+00,  0.000000E+00,  0.000000E+00
  5.930000E+04,  6.299312E-14,  0.000000E+00,  0.000000E+00,  0.000000E+00
  5.950000E+04,  6.212495E-14,  0.000000E+00,  0.000000E+00,  0.000000E+00
  5.970000E+04,  6.159514E-14,  0.000000E+00,  0.000000E+00,  0.000000E+00
  5.990000E+04,  6.087818E-14,  0.000000E+00,  0.000000E+00,  0.000000E+00
  6.010000E+04,  6.016112E-14,  0.000000E+00,  0.000000E+00,  0.000000E+00
  6.030000E+04,  5.937494E-14,  0.000000E+00,  0.000000E+00,  0.000000E+00
  6.050000E+04,  5.848704E-14,  0.000000E+00,  0.000000E+00,  0.000000E+00
  6.070000E+04,  5.786205E-14,  0.000000E+00,  0.000000E+00,  0.000000E+00
  6.090000E+04,  5.715180E-14,  0.000000E+00,  0.000000E+00,  0.000000E+00
  6.110000E+04,  5.634859E-14,  0.000000E+00,  0.000000E+00,  0.000000E+00
  6.130000E+04,  5.589252E-14,  0.000000E+00,  0.000000E+00,  0.000000E+00
  6.150000E+04,  5.525281E-14,  0.000000E+00,  0.000000E+00,  0.000000E+00
  6.170000E+04,  5.465543E-14,  0.000000E+00,  0.000000E+00,  0.000000E+00
  6.190000E+04,  5.403897E-14,  0.000000E+00,  0.000000E+00,  0.000000E+00
  6.210000E+04,  5.343160E-14,  0.000000E+00,  0.000000E+00,  0.000000E+00
  6.230000E+04,  5.270830E-14,  0.000000E+00,  0.000000E+00,  0.000000E+00
  6.250000E+04,  5.197111E-14,  0.000000E+00,  0.000000E+00,  0.000000E+00
  6.270000E+04,  5.132329E-14,  0.000000E+00,  0.000000E+00,  0.000000E+00
  6.290000E+04,  5.089245E-14,  0.000000E+00,  0.000000E+00,  0.000000E+00
  6.310000E+04,  5.019658E-14,  0.000000E+00,  0.000000E+00,  0.000000E+00
  6.330000E+04,  4.980632E-14,  0.000000E+00,  0.000000E+00,  0.000000E+00
  6.350000E+04,  4.907483E-14,  0.000000E+00,  0.000000E+00,  0.000000E+00
  6.370000E+04,  4.865368E-14,  0.000000E+00,  0.000000E+00,  0.000000E+00
  6.390000E+04,  4.793194E-14,  0.000000E+00,  0.000000E+00,  0.000000E+00
  6.420000E+04,  4.716471E-14,  0.000000E+00,  0.000000E+00,  0.000000E+00
  6.460000E+04,  4.593681E-14,  0.000000E+00,  0.000000E+00,  0.000000E+00
  6.500000E+04,  4.484709E-14,  0.000000E+00,  0.000000E+00,  0.000000E+00
  6.540000E+04,  4.384018E-14,  0.000000E+00,  0.000000E+00,  0.000000E+00
  6.580000E+04,  4.279739E-14,  0.000000E+00,  0.000000E+00,  0.000000E+00
  6.620000E+04,  4.177030E-14,  0.000000E+00,  0.000000E+00,  0.000000E+00
  6.660000E+04,  4.087371E-14,  0.000000E+00,  0.000000E+00,  0.000000E+00
  6.700000E+04,  3.991315E-14,  0.000000E+00,  0.000000E+00,  0.000000E+00
  6.740000E+04,  3.901651E-14,  0.000000E+00,  0.000000E+00,  0.000000E+00
  6.780000E+04,  3.811482E-14,  0.000000E+00,  0.000000E+00,  0.000000E+00
  6.820000E+04,  3.722918E-14,  0.000000E+00,  0.000000E+00,  0.000000E+00
  6.860000E+04,  3.648704E-14,  0.000000E+00,  0.000000E+00,  0.000000E+00
  6.900000E+04,  3.564993E-14,  0.000000E+00,  0.000000E+00,  0.000000E+00
  6.940000E+04,  3.483447E-14,  0.000000E+00,  0.000000E+00,  0.000000E+00
  6.980000E+04,  3.414143E-14,  0.000000E+00,  0.000000E+00,  0.000000E+00
  7.020000E+04,  3.331840E-14,  0.000000E+00,  0.000000E+00,  0.000000E+00
  7.060000E+04,  3.263623E-14,  0.000000E+00,  0.000000E+00,  0.000000E+00
  7.100000E+04,  3.193406E-14,  0.000000E+00,  0.000000E+00,  0.000000E+00
  7.140000E+04,  3.126186E-14,  0.000000E+00,  0.000000E+00,  0.000000E+00
  7.180000E+04,  3.059262E-14,  0.000000E+00,  0.000000E+00,  0.000000E+00
  7.220000E+04,  2.991844E-14,  0.000000E+00,  0.000000E+00,  0.000000E+00
  7.260000E+04,  2.928557E-14,  0.000000E+00,  0.000000E+00,  0.000000E+00
  7.300000E+04,  2.870263E-14,  0.000000E+00,  0.000000E+00,  0.000000E+00
  7.340000E+04,  2.805180E-14,  0.000000E+00,  0.000000E+00,  0.000000E+00
  7.380000E+04,  2.750258E-14,  0.000000E+00,  0.000000E+00,  0.000000E+00
  7.420000E+04,  2.688167E-14,  0.000000E+00,  0.000000E+00,  0.000000E+00
  7.460000E+04,  2.633858E-14,  0.000000E+00,  0.000000E+00,  0.000000E+00
  7.500000E+04,  2.582429E-14,  0.000000E+00,  0.000000E+00,  0.000000E+00
  7.540000E+04,  2.523807E-14,  0.000000E+00,  0.000000E+00,  0.000000E+00
  7.580000E+04,  2.455886E-14,  0.000000E+00,  0.000000E+00,  0.000000E+00
  7.620000E+04,  2.397716E-14,  0.000000E+00,  0.000000E+00,  0.000000E+00
  7.660000E+04,  2.337195E-14,  0.000000E+00,  0.000000E+00,  0.000000E+00
  7.700000E+04,  2.284448E-14,  0.000000E+00,  0.000000E+00,  0.000000E+00
  7.740000E+04,  2.225809E-14,  0.000000E+00,  0.000000E+00,  0.000000E+00
  7.780000E+04,  2.177623E-14,  0.000000E+00,  0.000000E+00,  0.000000E+00
  7.820000E+04,  2.129452E-14,  0.000000E+00,  0.000000E+00,  0.000000E+00
  7.860000E+04,  2.079305E-14,  0.000000E+00,  0.000000E+00,  0.000000E+00
  7.900000E+04,  2.040619E-14,  0.000000E+00,  0.000000E+00,  0.000000E+00
  7.940000E+04,  1.994308E-14,  0.000000E+00,  0.000000E+00,  0.000000E+00
  7.980000E+04,  1.956071E-14,  0.000000E+00,  0.000000E+00,  0.000000E+00
  8.020000E+04,  1.920052E-14,  0.000000E+00,  0.000000E+00,  0.000000E+00
  8.060000E+04,  1.883658E-14,  0.000000E+00,  0.000000E+00,  0.000000E+00
  8.100000E+04,  1.850204E-14,  0.000000E+00,  0.000000E+00,  0.000000E+00
  8.140000E+04,  1.820349E-14,  0.000000E+00,  0.000000E+00,  0.000000E+00
  8.180000E+04,  1.786781E-14,  0.000000E+00,  0.000000E+00,  0.000000E+00
  8.220000E+04,  1.755963E-14,  0.000000E+00,  0.000000E+00,  0.000000E+00
  8.260000E+04,  1.726030E-14,  0.000000E+00,  0.000000E+00,  0.000000E+00
  8.300000E+04,  1.692324E-14,  0.000000E+00,  0.000000E+00,  0.000000E+00
  8.340000E+04,  1.662570E-14,  0.000000E+00,  0.000000E+00,  0.000000E+00
  8.380000E+04,  1.631527E-14,  0.000000E+00,  0.000000E+00,  0.000000E+00
  8.420000E+04,  1.602279E-14,  0.000000E+00,  0.000000E+00,  0.000000E+00
  8.460000E+04,  1.573523E-14,  0.000000E+00,  0.000000E+00,  0.000000E+00
  8.500000E+04,  1.545296E-14,  0.000000E+00,  0.000000E+00,  0.000000E+00
  8.540000E+04,  1.518980E-14,  0.000000E+00,  0.000000E+00,  0.000000E+00
  8.580000E+04,  1.490810E-14,  0.000000E+00,  0.000000E+00,  0.000000E+00
  8.620000E+04,  1.465628E-14,  0.000000E+00,  0.000000E+00,  0.000000E+00
  8.660000E+04,  1.436404E-14,  0.000000E+00,  0.000000E+00,  0.000000E+00
  8.700000E+04,  1.413749E-14,  0.000000E+00,  0.000000E+00,  0.000000E+00
  8.740000E+04,  1.390415E-14,  0.000000E+00,  0.000000E+00,  0.000000E+00
  8.780000E+04,  1.362797E-14,  0.000000E+00,  0.000000E+00,  0.000000E+00
  8.820000E+04,  1.338335E-14,  0.000000E+00,  0.000000E+00,  0.000000E+00
  8.860000E+04,  1.317028E-14,  0.000000E+00,  0.000000E+00,  0.000000E+00
  8.900000E+04,  1.295125E-14,  0.000000E+00,  0.000000E+00,  0.000000E+00
  8.940000E+04,  1.271571E-14,  0.000000E+00,  0.000000E+00,  0.000000E+00
  8.980000E+04,  1.248764E-14,  0.000000E+00,  0.000000E+00,  0.000000E+00
  9.020000E+04,  1.231277E-14,  0.000000E+00,  0.000000E+00,  0.000000E+00
  9.060000E+04,  1.211510E-14,  0.000000E+00,  0.000000E+00,  0.000000E+00
  9.100000E+04,  1.188970E-14,  0.000000E+00,  0.000000E+00,  0.000000E+00
  9.140000E+04,  1.166794E-14,  0.000000E+00,  0.000000E+00,  0.000000E+00
  9.180000E+04,  1.150375E-14,  0.000000E+00,  0.000000E+00,  0.000000E+00
  9.220000E+04,  1.129964E-14,  0.000000E+00,  0.000000E+00,  0.000000E+00
  9.260000E+04,  1.112761E-14,  0.000000E+00,  0.000000E+00,  0.000000E+00
  9.300000E+04,  1.095559E-14,  0.000000E+00,  0.000000E+00,  0.000000E+00
  9.340000E+04,  1.076266E-14,  0.000000E+00,  0.000000E+00,  0.000000E+00
  9.380000E+04,  1.056996E-14,  0.000000E+00,  0.000000E+00,  0.000000E+00
  9.420000E+04,  1.043462E-14,  0.000000E+00,  0.000000E+00,  0.000000E+00
  9.460000E+04,  1.023544E-14,  0.000000E+00,  0.000000E+00,  0.000000E+00
  9.500000E+04,  1.010763E-14,  0.000000E+00,  0.000000E+00,  0.000000E+00
  9.540000E+04,  9.960067E-15,  0.000000E+00,  0.000000E+00,  0.000000E+00
  9.580000E+04,  9.756405E-15,  0.000000E+00,  0.000000E+00,  0.000000E+00
  9.620000E+04,  9.638357E-15,  0.000000E+00,  0.000000E+00,  0.000000E+00
  9.660000E+04,  9.448942E-15,  0.000000E+00,  0.000000E+00,  0.000000E+00
  9.700000E+04,  9.336109E-15,  0.000000E+00,  0.000000E+00,  0.000000E+00
  9.740000E+04,  9.176328E-15,  0.000000E+00,  0.000000E+00,  0.000000E+00
  9.780000E+04,  9.013624E-15,  0.000000E+00,  0.000000E+00,  0.000000E+00
  9.820000E+04,  8.907640E-15,  0.000000E+00,  0.000000E+00,  0.000000E+00
  9.860000E+04,  8.767338E-15,  0.000000E+00,  0.000000E+00,  0.000000E+00
  9.900000E+04,  8.607561E-15,  0.000000E+00,  0.000000E+00,  0.000000E+00
  9.940000E+04,  8.469319E-15,  0.000000E+00,  0.000000E+00,  0.000000E+00
  9.980000E+04,  8.373359E-15,  0.000000E+00,  0.000000E+00,  0.000000E+00
  1.002000E+05,  8.243283E-15,  0.000000E+00,  0.000000E+00,  0.000000E+00
  2.000000E+05,  5.405702E-16,  0.000000E+00,  0.000000E+00,  0.000000E+00
  4.000000E+05,  3.425101E-17,  0.000000E+00,  0.000000E+00,  0.000000E+00
  6.000000E+05,  6.764129E-18,  0.000000E+00,  0.000000E+00,  0.000000E+00
  8.000000E+05,  2.133935E-18,  0.000000E+00,  0.000000E+00,  0.000000E+00
  1.000000E+06,  8.708127E-19,  0.000000E+00,  0.000000E+00,  0.000000E+00
  1.200000E+06,  4.183360E-19,  0.000000E+00,  0.000000E+00,  0.000000E+00
  1.400000E+06,  2.249637E-19,  0.000000E+00,  0.000000E+00,  0.000000E+00
  1.600000E+06,  1.313929E-19,  0.000000E+00,  0.000000E+00,  0.000000E+00
